"","ADM2_id","total_exposure_days","total_population","total_person_day_exposure","log_total_person_day_exposure"
"1","10022922B11040894453097",1,83093.9744820627,83093.9744820627,11.3277274689735
"2","10022922B1306198900476",1,89014.0719878931,89014.0719878931,11.3965497484394
"3","10022922B15285270155057",1,167708.27204311,167708.27204311,12.0299812730296
"4","10022922B25342620887316",1,9027.39612374093,9027.39612374093,9.10801924643805
"5","10022922B32937301443957",1,17631.8857324951,17631.8857324951,9.77746423124284
"6","10022922B36895306051586",1,152263.932243963,152263.932243963,11.933370690377
"7","10022922B42847936410668",1,18923.2494205335,18923.2494205335,9.84814657313066
"8","10022922B50774823120221",1,138531.96065663,138531.96065663,11.8388563408516
"9","10022922B52736847594449",1,181875.692021581,181875.692021581,12.1110787218303
"10","10022922B53755400100934",1,26186.6940946858,26186.6940946858,10.1730067017637
"11","10022922B54073545298219",1,109808.832495838,109808.832495838,11.6064962464966
"12","10022922B55539380638871",1,211952.58565574,211952.58565574,12.2641178760729
"13","10022922B56427545477040",1,69964.271073137,69964.271073137,11.1557399774854
"14","10022922B59270450060951",1,27621.1063890151,27621.1063890151,10.2263354836923
"15","10022922B64856352127888",1,44553.0292877846,44553.0292877846,10.7044354280684
"16","10022922B71585303896889",1,119362.4242688,119362.4242688,11.6899197257943
"17","10022922B79563685419763",1,133984.278761631,133984.278761631,11.8054777493758
"18","10022922B80147144228565",1,187237.995499508,187237.995499508,12.1401357898424
"19","10022922B80317071360034",1,130090.589610617,130090.589610617,11.7759863299139
"20","10022922B82658288648411",1,163799.011405626,163799.011405626,12.0063954150082
"21","10022922B82805843876956",1,85949.9573446917,85949.9573446917,11.3615205145304
"22","10022922B83786714905046",1,24802.8895101431,24802.8895101431,10.1187154378718
"23","10022922B92224420422748",1,179927.160753869,179927.160753869,12.1003073854959
"24","10022922B97289291498871",1,68374.1441172973,68374.1441172973,11.1327500221658
"25","10022922B97539486376385",1,25799.8951414573,25799.8951414573,10.1581257066168
"26","10022922B99194691228489",1,218005.250431112,218005.250431112,12.2922744260276
"27","10022922B99940912082943",1,417510.783049742,417510.783049742,12.9420656506036
"28","14151628B42533076410957",2,85657.2850880259,171314.570176052,12.0512567371811
"29","14151628B95966095088914",1,34720.7619421506,34720.7619421506,10.4550931138719
"30","16705992B13795829103768",1,807757.955226311,807757.955226311,13.6020177322626
"31","16705992B14602656752780",1,691473.308987477,691473.308987477,13.4465798306254
"32","16705992B21968895988188",1,2014843.3556574,2014843.3556574,14.5160520112132
"33","16705992B46028667424095",1,1064001.23884058,1064001.23884058,13.8775471132069
"34","16705992B49808088196813",1,1418338.34714047,1418338.34714047,14.1649965663144
"35","16705992B66943755852345",1,2296626.42239296,2296626.42239296,14.6469518312624
"36","16705992B70711841490613",1,1847417.41239637,1847417.41239637,14.4292992284488
"37","16705992B77600989823530",1,1517178.48920209,1517178.48920209,14.2323629107384
"38","17275852B1065790622928",1,360163.307278449,360163.307278449,12.7943128389017
"39","17275852B16521843045020",1,972821.149074304,972821.149074304,13.7879555303713
"40","17275852B2067645637252",1,299982.93893918,299982.93893918,12.6114808818184
"41","17275852B2295538790743",1,680819.586971511,680819.586971511,13.4310526263496
"42","17275852B30975390905787",1,94793.2525263075,94793.2525263075,11.4594535098272
"43","17275852B34914005005648",1,870787.403792823,870787.403792823,13.6771531431401
"44","17275852B35175722210772",1,51354.4785426829,51354.4785426829,10.8465074275747
"45","17275852B36427803126994",2,1018614.8853555,2037229.770711,14.5271014874294
"46","17275852B38338809131920",2,772842.667425378,1545685.33485076,14.2509779523881
"47","17275852B38709981190197",1,222889.47005334,222889.47005334,12.3144312775822
"48","17275852B38939963469829",1,699479.238371476,699479.238371476,13.4580913919774
"49","17275852B40485497211548",1,409652.537879422,409652.537879422,12.9230646107892
"50","17275852B41190306193582",1,377100.07438079,377100.07438079,12.8402658804906
"51","17275852B42704411692482",2,823006.733714833,1646013.46742967,14.3138668420992
"52","17275852B44953136813001",2,133927.991072821,267855.982145642,12.498204734999
"53","17275852B47839165615513",1,14661.8767720136,14661.8767720136,9.59300598716586
"54","17275852B52554899928467",1,538609.919205096,538609.919205096,13.1967468758352
"55","17275852B53025585862768",1,179368.046716418,179368.046716418,12.0971951007944
"56","17275852B58186217435722",2,1546895.67144607,3093791.34289214,14.9449078685689
"57","17275852B60758311941437",1,404870.218788588,404870.218788588,12.9113218472988
"58","17275852B62298947029961",1,519378.523079348,519378.523079348,13.1603882278744
"59","17275852B66252943806207",2,1146710.04208382,2293420.08416764,14.6455547479247
"60","17275852B66356980534214",1,686829.691808716,686829.691808716,13.4398416391745
"61","17275852B70258266780305",1,765749.39209923,765749.39209923,13.5486102308315
"62","17275852B71635948673445",1,293470.952610223,293470.952610223,12.5895339443925
"63","17275852B75995678778305",1,708225.007353243,708225.007353243,13.470517129182
"64","17275852B78001466735071",1,589148.297902491,589148.297902491,13.2864332100641
"65","17275852B78973254528560",1,408725.597323997,408725.597323997,12.920799298675
"66","17275852B7979903099841",1,405800.072677966,405800.072677966,12.9136158854718
"67","17275852B81259275775371",2,1080076.72325996,2160153.44651992,14.5856898171926
"68","17275852B82960244806798",1,195478.461525014,195478.461525014,12.1832054811107
"69","17275852B8583677209878",1,460479.920261134,460479.920261134,13.0400245295165
"70","17275852B86000242921086",1,439440.097805809,439440.097805809,12.9932566905857
"71","17275852B86431238150342",1,391149.667941685,391149.667941685,12.8768455481845
"72","17275852B87782309196497",1,420942.901400623,420942.901400623,12.9502524773397
"73","17275852B89468905887192",1,715744.078772922,715744.078772922,13.4810779501674
"74","17275852B90470795224142",1,590365.970042955,590365.970042955,13.2884979117911
"75","17275852B98891327369808",1,305981.511940215,305981.511940215,12.6312799606132
"76","17275852B99125708243995",1,433012.712688537,433012.712688537,12.9785223661115
"77","22064153B12172811493606",1,6991.40972020145,6991.40972020145,8.85243749160363
"78","22064153B12662900476516",2,32994.9689735294,65989.9379470588,11.0972575540385
"79","22064153B1320154413470",1,15295.720393862,15295.720393862,9.63532835543412
"80","22064153B13215881329963",1,8479.74888588199,8479.74888588199,9.04543611583357
"81","22064153B15197878860903",2,14865.4040185035,29730.808037007,10.2999390948023
"82","22064153B17786192900668",2,286337.856367618,572675.712735236,13.2580748891279
"83","22064153B18037782605293",1,55733.688204661,55733.688204661,10.9283400582529
"84","22064153B18872085958488",2,8809.83840163033,17619.6768032607,9.77677155671472
"85","22064153B19332172900276",1,64365.5762119217,64365.5762119217,11.0723342383091
"86","22064153B21038809643944",1,16357.7493265367,16357.7493265367,9.7024570289653
"87","22064153B21529335846532",1,9673.14052033042,9673.14052033042,9.1771083051452
"88","22064153B23299113779671",2,4873.96877587425,9747.9375517485,9.1848110084616
"89","22064153B26513167275722",1,8566.62608703327,8566.62608703327,9.0556292452818
"90","22064153B26884354260890",2,107434.498216571,214868.996433142,12.277783802484
"91","22064153B2722132887235",1,7434.60833957197,7434.60833957197,8.91390117957424
"92","22064153B32144271118289",2,5127.55503237081,10255.1100647416,9.23553140323695
"93","22064153B3414994926035",1,16415.273851965,16415.273851965,9.70596751282821
"94","22064153B36899747691995",2,12718.7594141383,25437.5188282766,10.1439804823626
"95","22064153B38003203294123",2,67496.2957423092,134992.591484618,11.812975178023
"96","22064153B38280459687635",1,520.39764405371,520.39764405371,6.25459321944461
"97","22064153B39173666137461",2,9221.85854217098,18443.717084342,9.82247905403859
"98","22064153B42217323909789",2,40225.2458957239,80450.4917914478,11.2953972654093
"99","22064153B44267984628031",2,27250.0547279602,54500.1094559204,10.9059579890148
"100","22064153B45188135537989",1,10305.7804578049,10305.7804578049,9.24046022629419
"101","22064153B46179239075141",1,170215.233118032,170215.233118032,12.0448189923974
"102","22064153B46764438077406",1,29856.7947268806,29856.7947268806,10.3041677219584
"103","22064153B48099706637709",2,33142.0943932142,66284.1887864284,11.1017066678904
"104","22064153B48342484050891",2,22806.0598515955,45612.119703191,10.7279287431532
"105","22064153B49276333720668",1,346.659176803111,346.659176803111,5.84834209785827
"106","22064153B49815970658587",2,1536.34758207825,3072.6951641565,8.03031035908328
"107","22064153B51420190401517",1,2280.44156403606,2280.44156403606,7.73212437163404
"108","22064153B52648905753653",1,2965.10673843588,2965.10673843588,7.99466831025633
"109","22064153B55493173352162",1,20785.4597283039,20785.4597283039,9.94200896971511
"110","22064153B56938477027476",1,11079.9932847157,11079.9932847157,9.3128963542285
"111","22064153B57554253448105",3,1561.82341061278,4685.47023183834,8.45222155929182
"112","22064153B57698371148493",1,8102.5593118732,8102.5593118732,8.99993525518307
"113","22064153B58298111838793",2,107668.24801053,215336.49602106,12.2799571813931
"114","22064153B58604351029537",1,5696.89759014943,5696.89759014943,8.64767702321727
"115","22064153B61048147512310",1,57770.862863476,57770.862863476,10.96423982485
"116","22064153B65083387274460",2,28952.6235662453,57905.2471324906,10.9665632835049
"117","22064153B65355185007631",2,1236.97359170765,2473.9471834153,7.8135702040646
"118","22064153B67091834306400",2,17114.1809787852,34228.3619575704,10.4408098763789
"119","22064153B69435349130289",1,28206.0055249425,28206.0055249425,10.2472901961304
"120","22064153B71321460612085",2,5510.24624285615,11020.4924857123,9.30751177188186
"121","22064153B72557409137783",2,8651.54379201391,17303.0875840278,9.75864023762664
"122","22064153B74370220833750",1,8498.06802428874,8498.06802428874,9.04759412538369
"123","22064153B76525796154688",2,1410.78594749893,2821.57189499786,7.94504941821086
"124","22064153B76748152087135",2,12414.4970495583,24828.9940991166,10.119767366168
"125","22064153B77103081434651",1,8326.97379725112,8326.97379725112,9.02725537950949
"126","22064153B78193536381763",1,1173.51759982783,1173.51759982783,7.06776101290152
"127","22064153B79178271585243",1,9898.23011795956,9898.23011795956,9.20011124417667
"128","22064153B80640640435871",1,1596.14409844422,1596.14409844422,7.37534606117986
"129","22064153B81163718541362",1,44893.6316843586,44893.6316843586,10.7120512303606
"130","22064153B82911662838779",1,5456.19266019457,5456.19266019457,8.6045065105191
"131","22064153B83131458706543",1,145281.740131386,145281.740131386,11.88643017154
"132","22064153B833454751178",2,3214.99843790013,6429.99687580026,8.76872933135289
"133","22064153B84687278012023",2,77852.230945799,155704.461891598,11.9557150143903
"134","22064153B85000886785239",2,54047.9122361858,108095.824472372,11.5907733763537
"135","22064153B86211377030233",2,83308.2542582365,166616.508516473,12.0234500945408
"136","22064153B86521976602525",2,52483.3187972038,104966.637594408,11.5613978414544
"137","22064153B87695161266591",1,16574.1914183276,16574.1914183276,9.71560203065614
"138","22064153B89218276356736",1,7407.9635780487,7407.9635780487,8.91031085974383
"139","22064153B92521276992791",1,32485.3491466126,32485.3491466126,10.3885444711902
"140","22064153B92728866184375",1,28226.7994406943,28226.7994406943,10.2480271404204
"141","22064153B94546008893",2,2358.86964189329,4717.73928378658,8.45908499853963
"142","22064153B95692403593429",1,14558.8352245057,14558.8352245057,9.58595332023372
"143","22064153B96898003018692",1,38411.5003183396,38411.5003183396,10.5561121811952
"144","22064153B98586949773081",2,7450.47150500379,14900.9430100076,9.60917977919312
"145","22064153B99767339475906",2,14338.4793267888,28676.9586535776,10.2638492449335
"146","25037944B15390433377666",1,27789.0406233722,27789.0406233722,10.2323969997719
"147","25037944B17459590153092",1,11307.649183684,11307.649183684,9.33323469460425
"148","25037944B34353436415485",1,77710.6743061583,77710.6743061583,11.2607479053778
"149","25037944B36323732446250",1,1689.93028437458,1689.93028437458,7.43244255521688
"150","25037944B55743987265110",1,13587.5093056192,13587.5093056192,9.51690621629541
"151","25037944B5935933559707",1,16781.8027612174,16781.8027612174,9.72805040936472
"152","25037944B68165922230856",1,1668.46162120866,1668.46162120866,7.41965729595425
"153","25037944B76695994650709",1,6067.9276477036,6067.9276477036,8.7107724168152
"154","25037944B77099976714827",1,2318.1479889943,2318.1479889943,7.74852386525882
"155","2640588B11290582279728",1,356563.61981886,356563.61981886,12.7842679596299
"156","2640588B11393510524278",1,159501.436080544,159501.436080544,11.9798082048063
"157","2640588B17162343229623",1,1180271.92072262,1180271.92072262,13.9812554111847
"158","2640588B17428979589921",2,64304.8100947229,128609.620189446,11.7645368950596
"159","2640588B19040020708567",1,743302.14110984,743302.14110984,13.5188578912552
"160","2640588B22535822566030",1,75350.7001677545,75350.7001677545,11.2299084962179
"161","2640588B23016389281073",2,310802.31325317,621604.62650634,13.3400595209074
"162","2640588B23864872837062",2,9516.97938949577,19033.9587789915,9.85397996697856
"163","2640588B24165862747597",2,44287.2094881873,88574.4189763746,11.3915983700325
"164","2640588B24635602844812",1,64429.297554565,64429.297554565,11.0733237396142
"165","2640588B2684850326122",1,95731.071053156,95731.071053156,11.4692981961485
"166","2640588B29392713909073",1,372910.709573719,372910.709573719,12.829094285448
"167","2640588B33083527354868",2,611977.957890976,1223955.91578195,14.0175987248878
"168","2640588B34650846802583",3,1027866.02376464,3083598.07129392,14.9416076780948
"169","2640588B45258001695711",2,327272.036836659,654544.073673318,13.3916942015199
"170","2640588B49335496833592",1,2021878.13223005,2021878.13223005,14.5195374058412
"171","2640588B52568839586340",1,736698.530287606,736698.530287606,13.5099340376745
"172","2640588B56610026740587",1,727851.792740931,727851.792740931,13.4978527250535
"173","2640588B63893974857560",1,379654.195295324,379654.195295324,12.8470161050092
"174","2640588B69318666079956",1,370527.599749078,370527.599749078,12.8226832141937
"175","2640588B69436428808540",1,90597.7999002604,90597.7999002604,11.4141852080746
"176","2640588B70398489528347",1,42718.229772962,42718.229772962,10.6623810348767
"177","2640588B80080860218245",1,175859.269158022,175859.269158022,12.0774393471074
"178","2640588B8238689001419",1,404887.887956454,404887.887956454,12.9113654879064
"179","2640588B8298467794963",1,89166.5549756,89166.5549756,11.3982613040392
"180","2640588B85389361952197",1,252387.176728412,252387.176728412,12.4387196030036
"181","2640588B89959078713723",1,238761.932465792,238761.932465792,12.3832222360084
"182","2640588B94499067384006",2,207739.102401382,415478.204802764,12.9371854365535
"183","2640588B97548260432831",1,1991900.70940684,1991900.70940684,14.5045998712091
"184","50627088B12360956562142",1,4323.52411489115,4323.52411489115,8.37182611601675
"185","50627088B14118013577680",1,17143.918961981,17143.918961981,9.74939881023959
"186","50627088B1433623777217",1,10534.8763094043,10534.8763094043,9.26244658524903
"187","50627088B14557669521894",1,58710.9158795393,58710.9158795393,10.9803809489968
"188","50627088B19134439985606",1,125432.480470125,125432.480470125,11.7395228885557
"189","50627088B19833882883386",1,48404.2276389357,48404.2276389357,10.787342436802
"190","50627088B30969401121850",1,28592.8983636888,28592.8983636888,10.2609136570122
"191","50627088B38309476572974",1,40639.2018717598,40639.2018717598,10.6124884430772
"192","50627088B40581127001801",1,2326.3397299172,2326.3397299172,7.75205137998727
"193","50627088B41160279042816",1,6787.56790942327,6787.56790942327,8.82284796926371
"194","50627088B44837755081847",1,36600.9659954896,36600.9659954896,10.5078299123605
"195","50627088B45198070242199",1,42443.3756923265,42443.3756923265,10.6559261299117
"196","50627088B45533435131247",1,22826.4595742076,22826.4595742076,10.0356756497148
"197","50627088B53659635813519",1,301297.379195565,301297.379195565,12.6158530267585
"198","50627088B53965479624602",1,15854.1692232523,15854.1692232523,9.67118778719231
"199","50627088B55072426150825",1,311214.71378916,311214.71378916,12.6482383509822
"200","50627088B56884755613455",2,237497.454965914,474994.909931828,13.0710593670264
"201","50627088B58275904386471",1,128899.927953486,128899.927953486,11.7667916299937
"202","50627088B63495042821208",2,319112.130920504,638224.261841008,13.3664450081504
"203","50627088B64168457575480",2,75445.6778983113,150891.355796623,11.9243153587985
"204","50627088B68322081472397",1,620913.868923762,620913.868923762,13.338947653911
"205","50627088B7149168530269",1,19472.9787229253,19472.9787229253,9.87678307705605
"206","50627088B76795265629930",1,41208.8584239177,41208.8584239177,10.6264085225155
"207","50627088B76854514222016",1,24114.1192838438,24114.1192838438,10.0905528103285
"208","50627088B81752384557696",1,119152.920026439,119152.920026439,11.6881629893725
"209","50627088B8261006945538",1,69687.0315376946,69687.0315376946,11.1517695182849
"210","50627088B83457177137003",2,82981.978461611,165963.956923222,12.0195259167947
"211","50627088B88471362672586",1,77819.0474544269,77819.0474544269,11.2621415060939
"212","50627088B8922966525201",1,6236.79421850266,6236.79421850266,8.73822158231542
"213","50627088B91393089235413",1,33479.1908380539,33479.1908380539,10.4186793557944
"214","50627088B92703262083917",1,42602.5133629382,42602.5133629382,10.6596685296471
"215","52423323B10302998803932",1,29440.6578199082,29440.6578199082,10.2901319170194
"216","52423323B12414310346130",1,73679.9385701087,73679.9385701087,11.2074858371898
"217","52423323B12833551098527",1,53956.8172464431,53956.8172464431,10.8959393250099
"218","52423323B13758082224669",1,10044.2263528815,10044.2263528815,9.21475325615272
"219","52423323B1471868518532",1,22068.988898792,22068.988898792,10.0019286848253
"220","52423323B15193843372165",1,35254.1166566158,35254.1166566158,10.4703375860065
"221","52423323B15615503962810",1,15531.3096921137,15531.3096921137,9.65061324562706
"222","52423323B18332977345719",1,119536.502966235,119536.502966235,11.6913770678616
"223","52423323B20033821816181",1,16006.6171090359,16006.6171090359,9.68075748504044
"224","52423323B20361031483491",1,9975.35366270923,9975.35366270923,9.20787269603775
"225","52423323B21015613646613",1,379371.988399417,379371.988399417,12.8462725024433
"226","52423323B21555121079401",1,19565.5621362219,19565.5621362219,9.8815262659579
"227","52423323B21823422169347",1,27627.6804089401,27627.6804089401,10.226573462491
"228","52423323B21900392582772",1,32643.8669911082,32643.8669911082,10.3934122760528
"229","52423323B24644642941407",1,131170.054317212,131170.054317212,11.7842498849069
"230","52423323B25569178497638",1,48425.7553330213,48425.7553330213,10.7877870861509
"231","52423323B27353189607616",1,25765.157936841,25765.157936841,10.1567783906423
"232","52423323B27383971458976",1,17787.5602905273,17787.5602905273,9.7862546318809
"233","52423323B28238125667725",1,19937.0632537335,19937.0632537335,9.90033575351841
"234","52423323B29460047799431",1,6262.27317285043,6262.27317285043,8.74229852483304
"235","52423323B30055377123023",1,86504.4385846976,86504.4385846976,11.3679510047214
"236","52423323B30792684212291",1,35992.4210542905,35992.4210542905,10.4910636690048
"237","52423323B31228113371343",1,4072.68247089386,4072.68247089386,8.31205714509403
"238","52423323B32700923685802",1,8286.64436588883,8286.64436588883,9.02240038522911
"239","52423323B33049838557264",3,2593.21133827507,7779.63401482521,8.95926457426969
"240","52423323B33793433125252",1,12629.6618345936,12629.6618345936,9.44380344021123
"241","52423323B34545641874308",1,7295.39670351088,7295.39670351088,8.89499883967174
"242","52423323B35564374613878",1,53907.8429434899,53907.8429434899,10.8950312554673
"243","52423323B35608412080263",1,10371.031565094,10371.031565094,9.24677177217723
"244","52423323B36348632800300",1,12573.1342317255,12573.1342317255,9.43931761272529
"245","52423323B3743396317208",1,35170.7595013156,35170.7595013156,10.4679703203817
"246","52423323B3800654156797",1,30234.7614912041,30234.7614912041,10.3167475841763
"247","52423323B3829311906310",1,45379.3155424143,45379.3155424143,10.7228116754174
"248","52423323B38780973615632",1,123831.250360087,123831.250360087,11.7266750335505
"249","52423323B38827881811881",1,20766.9565959665,20766.9565959665,9.94111837729247
"250","52423323B39402203079771",1,3505.2864245282,3505.2864245282,8.16202751496818
"251","52423323B40320593937866",1,138468.8336362,138468.8336362,11.8384005513895
"252","52423323B40358920448273",1,7280.2837528571,7280.2837528571,8.89292511747196
"253","52423323B40435366156553",1,6543.53868944645,6543.53868944645,8.78623338213129
"254","52423323B41825478999592",1,230308.750086624,230308.750086624,12.3471760793841
"255","52423323B44486980116087",1,38055.1675820765,38055.1675820765,10.5467921643727
"256","52423323B45605902717918",1,10858.4274834112,10858.4274834112,9.2926967840543
"257","52423323B46156622998042",1,29385.5576011994,29385.5576011994,10.2882585945754
"258","52423323B46696554081250",1,5636.3319134661,5636.3319134661,8.636988762957
"259","52423323B47128133018764",1,177128.594384923,177128.594384923,12.0846312697154
"260","52423323B49434157073126",2,3658.6012787059,7317.2025574118,8.89798336962397
"261","52423323B49517709144014",1,105987.677610057,105987.677610057,11.571078117375
"262","52423323B51150866941712",1,4628.41732254367,4628.41732254367,8.43997025765866
"263","52423323B51899565145561",1,40752.7107872827,40752.7107872827,10.6152776388438
"264","52423323B52788200523187",1,192256.257156925,192256.257156925,12.1665844338184
"265","52423323B5668037178714",1,184371.412709564,184371.412709564,12.1247075493964
"266","52423323B57598865741188",1,8868.82917973916,8868.82917973916,9.09029806881654
"267","52423323B57942162225750",1,68978.0218868463,68978.0218868463,11.141543209461
"268","52423323B59070607035282",1,23806.0942882055,23806.0942882055,10.0776968894108
"269","52423323B60127042569296",1,189729.746439945,189729.746439945,12.1533559514315
"270","52423323B60189599793984",1,181846.097683483,181846.097683483,12.1109159911994
"271","52423323B61382457071366",1,247459.203319394,247459.203319394,12.4190010123309
"272","52423323B62704656861756",1,36534.097675457,36534.097675457,10.5060012863825
"273","52423323B63190785401157",1,181782.295146479,181782.295146479,12.1105650695501
"274","52423323B63255212949591",1,64140.0597117749,64140.0597117749,11.0688244042067
"275","52423323B63825786634762",1,11034.8597785565,11034.8597785565,9.30881461163743
"276","52423323B64112119736585",1,34892.5950574073,34892.5950574073,10.4600299096725
"277","52423323B64374819566346",2,19392.2841770649,38784.5683541298,10.565777723667
"278","52423323B64688263814776",1,67311.7155162938,67311.7155162938,11.1170895794768
"279","52423323B65063199058226",1,84632.0595486373,84632.0595486373,11.3460684282848
"280","52423323B66062574427882",1,41937.5259785739,41937.5259785739,10.6439363131731
"281","52423323B67589001499387",1,13510.9512330832,13510.9512330832,9.51125583803025
"282","52423323B68186618035588",1,2523868.83036186,2523868.83036186,14.7413035323395
"283","52423323B68904174883849",1,4890.6036190083,4890.6036190083,8.49507101432089
"284","52423323B69509517878544",1,12474.8537853577,12474.8537853577,9.43147019993842
"285","52423323B69617253106645",1,17921.4970624924,17921.4970624924,9.79375622447326
"286","52423323B69820682895113",1,9849.65353019717,9849.65353019717,9.19519155894822
"287","52423323B69937594660811",1,75482.3742120306,75482.3742120306,11.2316544538372
"288","52423323B70191096340294",1,49809.4829791127,49809.4829791127,10.8159606661522
"289","52423323B71522839301040",1,38487.7637217906,38487.7637217906,10.5580956443506
"290","52423323B7185899041346",1,11076.8313413218,11076.8313413218,9.31261093937608
"291","52423323B72181240507499",1,9546.58900575728,9546.58900575728,9.16393919750159
"292","52423323B72880351816690",1,7285.02492889117,7285.02492889117,8.89357614057145
"293","52423323B73755605771607",1,8661.19097570217,8661.19097570217,9.06660751816325
"294","52423323B7621511423784",1,49034.569412189,49034.569412189,10.8002808265538
"295","52423323B76755657103328",1,20013.7467717744,20013.7467717744,9.90417465501586
"296","52423323B76935168618959",1,53329.0543231649,53329.0543231649,10.8842365708885
"297","52423323B7774526001257",1,52856.8416289626,52856.8416289626,10.8753424366373
"298","52423323B7787272397887",1,17573.7506588945,17573.7506588945,9.77416162788722
"299","52423323B80658823199099",1,54315.1366419998,54315.1366419998,10.902558226597
"300","52423323B81347355959648",1,7253.5847086776,7253.5847086776,8.88925106822849
"301","52423323B81794137886783",1,16632.0193650593,16632.0193650593,9.71908499386253
"302","52423323B84079682288186",1,13089.4651244472,13089.4651244472,9.47956299668233
"303","52423323B84565222808084",2,1048.73380253315,2097.4676050663,7.64848599367683
"304","52423323B84884093129235",1,12515.8547924095,12515.8547924095,9.43475150296448
"305","52423323B87493021835120",1,5223.08425159752,5223.08425159752,8.56084335918836
"306","52423323B89095979768241",1,14556.1278813029,14556.1278813029,9.58576734416357
"307","52423323B90141807319554",1,51678.7104619367,51678.7104619367,10.8528011857833
"308","52423323B90517976526133",1,37891.0604571673,37891.0604571673,10.5424704914058
"309","52423323B92388679305568",1,19041.081860172,19041.081860172,9.85435412711832
"310","52423323B94499029324325",1,16756.9569168091,16756.9569168091,9.72656878934109
"311","52423323B95540408919203",1,58020.1417693714,58020.1417693714,10.9685455011293
"312","52423323B96446812738870",1,6199.5855123765,6199.5855123765,8.73223771595593
"313","52423323B96895412793722",1,45933.8042518824,45933.8042518824,10.7349566010591
"314","52423323B9721740762179",1,123657.750579902,123657.750579902,11.7252729525857
"315","52423323B97218068880690",1,20032.0079671887,20032.0079671887,9.90508667162282
"316","52423323B99063612255377",1,96810.3557394719,96810.3557394719,11.4805092483223
"317","52511910B10215199478646",3,45274.4374272766,135823.31228183,11.8191101456612
"318","52511910B10855589670933",3,16482.097886284,49446.293658852,10.8086423829548
"319","52511910B1114695065436",3,155504.472392096,466513.417176288,13.0530420602199
"320","52511910B11437294536827",3,135425.319829714,406275.959489142,12.9147879108655
"321","52511910B1170609292065",3,28469.589885714,85408.769657142,11.3552040636982
"322","52511910B12166681712059",2,6871.34437066129,13742.6887413226,9.52826223377349
"323","52511910B12217989868885",2,36659.9440741801,73319.8881483602,11.2025871764255
"324","52511910B12239492719020",3,24584.2284803464,73752.6854410392,11.208472686299
"325","52511910B12240276172675",2,40124.4174184337,80248.8348368674,11.2928875217201
"326","52511910B1240337598967",2,32438.127034132,64876.254068264,11.0802369508134
"327","52511910B1281835166424",3,4675.82215790876,14027.4664737263,9.54877257758315
"328","52511910B1289591480139",3,8756.57187528514,26269.7156258554,10.1761720575679
"329","52511910B132067886793",2,25300.4266779654,50600.8533559308,10.8317237198751
"330","52511910B13267113488931",3,15119.8526742651,45359.5580227953,10.7223761945886
"331","52511910B1345857498627",3,2357.95508562654,7073.86525687962,8.86416232192776
"332","52511910B13500089926277",2,24023.0899054854,48046.1798109708,10.7799179067835
"333","52511910B1376149917055",2,33090.2506860719,66180.5013721438,11.100141157333
"334","52511910B14295991899678",3,32059.4667099074,96178.4001297222,11.4739600805669
"335","52511910B1429973809191",2,20265.7453567866,40531.4907135732,10.6098344994437
"336","52511910B1435450581762",3,1814.09475716031,5442.28427148093,8.60195415456122
"337","52511910B14571669428725",3,7705.55851338577,23116.6755401573,10.0483095209316
"338","52511910B14763561478876",3,12620.1736134442,37860.5208403326,10.5416641816769
"339","52511910B14816404731270",3,105570.632313521,316711.896940563,12.6657477971529
"340","52511910B14944460308189",2,18677.6673176173,37355.3346352346,10.5282310086146
"341","52511910B14985671444346",2,134163.569145138,268327.138290276,12.4999621803491
"342","52511910B15112316927565",2,35030.0186066408,70060.0372132816,11.1571078279144
"343","52511910B15727969780764",2,76620.4164649427,153240.832929885,11.9397660342598
"344","52511910B16211515353621",2,21309.0562098736,42618.1124197472,10.660034616069
"345","52511910B16548233454257",2,3759.96232027248,7519.92464054496,8.92531139568955
"346","52511910B16992601244944",3,45298.4281455664,135895.284436699,11.8196399007638
"347","52511910B1724778943765",3,5239.63366790241,15718.9010037072,9.66261915283368
"348","52511910B17356876538254",2,45102.0885220222,90204.1770440444,11.4098310136708
"349","52511910B17390178466990",3,11076.0701639547,33228.2104918641,10.4111545077127
"350","52511910B17490321584859",3,118693.792499211,356081.377497633,12.7829145721883
"351","52511910B17517272780410",3,245421.016832641,736263.050497923,13.5093427394247
"352","52511910B17799667237096",2,13329.2820915082,26658.5641830164,10.1908657356813
"353","52511910B18270670997793",3,27250.3815160654,81751.1445481962,11.311435089251
"354","52511910B1854707671717",3,119811.265566884,359433.796700652,12.7922852853619
"355","52511910B19191805182315",3,96204.2688416514,288612.806524954,12.5728412989907
"356","52511910B19330386236783",2,39930.3032517433,79860.6065034866,11.2880379751725
"357","52511910B19407638162060",3,1931.28373938562,5793.85121815686,8.6645524993936
"358","52511910B19586040436612",2,17828.4177128452,35656.8354256904,10.4816961445093
"359","52511910B2005519933546",3,52411.6395502313,157234.918650694,11.9654962631315
"360","52511910B2055603825455",3,36729.4204012059,110188.261203618,11.6099456473738
"361","52511910B21046020325533",2,17103.1664168852,34206.3328337704,10.4401660764868
"362","52511910B21260910933226",1,20414.6250489219,20414.6250489219,9.92400683713494
"363","52511910B21407702399528",3,409837.622907334,1229512.868722,14.0221286072139
"364","52511910B21548483035565",2,9221.80093668069,18443.6018733614,9.82247280739428
"365","52511910B21980317252116",3,1753.55292148729,5260.65876446187,8.56801153828182
"366","52511910B22102802824180",3,9518.2659406061,28554.7978218183,10.2595802507664
"367","52511910B2226983620167",2,87663.3480306162,175326.696061232,12.0744063471711
"368","52511910B22297779295169",3,11933.9911630445,35801.9734891335,10.4857582962642
"369","52511910B22417450396653",3,10670.4134938998,32011.2404816994,10.3738423851558
"370","52511910B23437445078556",3,62129.8828621409,186389.648586423,12.135594646357
"371","52511910B24095937104675",1,9737.19315940592,9737.19315940592,9.18370817845334
"372","52511910B24217315836254",3,21840.1442853374,65520.4328560122,11.0901173249766
"373","52511910B2433100174245",3,83614.6976376691,250844.092913007,12.4325868813513
"374","52511910B24338772487994",3,6733.42873203916,20200.2861961175,9.91345205141356
"375","52511910B24425392494170",2,27835.4827831816,55670.9655663632,10.9272140254921
"376","52511910B24462040337349",3,42242.1759098094,126726.527729428,11.7497867187378
"377","52511910B24789968471650",3,211265.271201296,633795.813603888,13.359482120985
"378","52511910B24890266463781",3,117273.386980049,351820.160940147,12.770875417603
"379","52511910B24911018318465",3,81128.9627102854,243386.888130856,12.4024075884496
"380","52511910B25870488928169",1,1463.10687103923,1463.10687103923,7.28831744759292
"381","52511910B26024129556324",3,101646.925324374,304940.775973122,12.6278728595974
"382","52511910B26321075911025",3,91553.5978049647,274660.793414894,12.5232921367967
"383","52511910B26426295483490",2,46763.4801772431,93526.9603544862,11.4460050197503
"384","52511910B26440140856632",3,97182.3290225466,291546.98706764,12.5829564624094
"385","52511910B26517515062770",3,33812.5596742312,101437.679022694,11.5271998891125
"386","52511910B26605642536320",2,16147.7741278697,32295.5482557394,10.3826846748123
"387","52511910B27035674370402",2,27512.1155329015,55024.231065803,10.9155289320272
"388","52511910B27389223998758",3,92471.7455445498,277415.236633649,12.5332707119357
"389","52511910B27691000187918",3,116670.11498147,350010.34494441,12.7657179900128
"390","52511910B27783301561641",1,1066.36254589002,1066.36254589002,6.9720086462391
"391","52511910B27876515321702",3,45424.0315734544,136272.094720363,11.8224088624637
"392","52511910B28036042271757",3,163532.762658143,490598.287974429,13.1033809211437
"393","52511910B28406755893597",3,6921.54508743181,20764.6352622954,9.94100659088749
"394","52511910B28476693424992",2,66999.0941055943,133998.188211189,11.8055815580296
"395","52511910B28710323112279",3,9936.81778939678,29810.4533681903,10.3026143951506
"396","52511910B29261340686380",1,6792.35978536609,6792.35978536609,8.8235536985208
"397","52511910B29325635095698",3,219914.594268244,659743.782804732,13.3996068307588
"398","52511910B29818712056723",3,30963.8785966509,92891.6357899527,11.4391888861948
"399","52511910B30663215399885",2,73491.5361701258,146983.072340252,11.8980727049822
"400","52511910B30709967967550",3,125994.144967036,377982.434901108,12.8426030050064
"401","52511910B30715783231624",3,32410.3626174224,97231.0878522672,11.4848457731836
"402","52511910B30774246387934",3,26398.6044585388,79195.8133756164,11.2796787149863
"403","52511910B30880402907345",3,42399.7331694492,127199.199508348,11.753509636695
"404","52511910B3088598520620",3,43064.1792939634,129192.53788189,11.7690591123306
"405","52511910B30921209280056",1,4880.61566798105,4880.61566798105,8.49302665236103
"406","52511910B3092467574862",3,33391.6991447939,100175.097434382,11.5146749081456
"407","52511910B30977236715140",2,80002.126312759,160004.252625518,11.9829556727722
"408","52511910B31003231188752",3,25649.8230523838,76949.4691571514,11.2509042407007
"409","52511910B3118715998086",3,4748.89168559737,14246.6750567921,9.56427882912335
"410","52511910B31268860247424",3,83099.9549888453,249299.864966536,12.426411727861
"411","52511910B31717620625581",2,25847.1505402215,51694.301080443,10.8531028238683
"412","52511910B3173449865557",2,34773.3175552103,69546.6351104206,11.1497528153102
"413","52511910B31970606922462",2,28946.9386135085,57893.877227017,10.9663669105949
"414","52511910B32484376841800",2,4659.93634199928,9319.87268399856,9.13990424707116
"415","52511910B32855735947523",3,28249.3568084935,84748.0704254805,11.3474382571426
"416","52511910B33100646615087",3,46765.6946377307,140297.083913192,11.8515174812216
"417","52511910B33929030594907",3,111696.063504418,335088.190513254,12.7221490314251
"418","52511910B34768840903386",2,77045.9733677872,154091.946735574,11.9453047599528
"419","52511910B3516463668472",1,2658.26225191425,2658.26225191425,7.88542789953562
"420","52511910B35262105049161",3,48727.4040397174,146182.212119152,11.892609150764
"421","52511910B3549258104854",2,18040.4081190782,36080.8162381564,10.4935165969294
"422","52511910B3606287647189",2,13386.1761889133,26772.3523778266,10.1951250063118
"423","52511910B36399926613491",3,165947.91317946,497843.73953838,13.1180415307414
"424","52511910B36549244443661",3,3410.0606781738,10230.1820345214,9.23309765297322
"425","52511910B37391519791178",2,35857.4637064759,71714.9274129518,11.1804541975679
"426","52511910B37639564414460",2,40683.9690772606,81367.9381545212,11.3067365942339
"427","52511910B37647459697968",3,23326.8723923777,69980.6171771331,11.1559735852188
"428","52511910B37723179298847",3,6320.48016197363,18961.4404859209,9.85016274791889
"429","52511910B38320737099141",3,9922.42710379095,29767.2813113728,10.3011651267416
"430","52511910B38482668702502",2,223286.034742436,446572.069484872,13.0093560760941
"431","52511910B39021201460320",3,59808.4254766446,179425.276429934,12.0975141129404
"432","52511910B39055948947966",1,5266.17155355954,5266.17155355954,8.56905891711003
"433","52511910B39647585180353",3,70898.2982472542,212694.894741763,12.2676139987459
"434","52511910B398222474379",3,2230.65097590622,6691.95292771866,8.8086610279694
"435","52511910B3988585053627",3,1179.29755802769,3537.89267408307,8.17128653906545
"436","52511910B39925062868722",2,29480.2540964431,58960.5081928862,10.9846231461084
"437","52511910B4018321552262",3,19572.1313118204,58716.3939354612,10.9804742502218
"438","52511910B4023851996912",3,13107.9730689419,39323.9192068257,10.5795882439334
"439","52511910B40379944508344",2,25894.1484668869,51788.2969337738,10.8549194748026
"440","52511910B40704082736400",3,87440.7597419525,262322.279225857,12.4773291002039
"441","52511910B40762326804108",2,17035.3525014291,34070.7050028582,10.4361932032163
"442","52511910B40907976300093",3,114565.598758444,343696.796275332,12.7475151415124
"443","52511910B40932238962124",3,2096.2131508217,6288.6394524651,8.74650002303287
"444","52511910B41349980343036",2,38681.2479893567,77362.4959787134,11.2562573940678
"445","52511910B41569626445575",2,44561.0128929481,89122.0257858962,11.3977617858935
"446","52511910B41832053670190",3,53577.7652378888,160733.295713666,11.9875017220109
"447","52511910B41847670787440",3,1499.57935303389,4498.73805910167,8.41155220511946
"448","52511910B41918855057041",2,65589.1018125694,131178.203625139,11.7843120107849
"449","52511910B42295955196197",2,24948.6912274888,49897.3824549776,10.8177238245517
"450","52511910B42739382471676",2,49897.8905376682,99795.7810753364,11.5108811876118
"451","52511910B42807411813200",3,10533.229250923,31599.687752769,10.3609025182847
"452","52511910B43288181316884",3,58739.3881360288,176218.164408086,12.0794780768876
"453","52511910B43412485397625",2,51227.656030952,102455.312061904,11.5371820026099
"454","52511910B43880613502989",3,29539.5331556508,88618.5994669524,11.3920970408253
"455","52511910B44183742195819",2,153899.410330313,307798.820660626,12.6372016688676
"456","52511910B44653158831279",2,71468.8609271918,142937.721854384,11.8701643028716
"457","52511910B45067846009416",2,256313.947636465,512627.89527293,13.1473055106139
"458","52511910B45111644423638",2,151508.789160328,303017.578320656,12.6215460970683
"459","52511910B45186727587827",2,129677.239767592,259354.479535184,12.4659510517923
"460","52511910B45758904415578",2,48215.4947845786,96430.9895691572,11.4765828974984
"461","52511910B46327040282414",3,151275.708695999,453827.126087997,13.0254716249667
"462","52511910B46580896438278",3,23378.0969493565,70134.2908480695,11.158167123861
"463","52511910B46875128491",2,140063.395387969,280126.790775938,12.5429976038572
"464","52511910B47006759189229",2,45889.3187105948,91778.6374211896,11.4271348416977
"465","52511910B47108576517123",2,34601.4163859849,69202.8327719698,11.144797076779
"466","52511910B47117449404442",3,9239.41450014033,27718.243500421,10.2298460855105
"467","52511910B47244734334087",2,7259.39489132997,14518.7897826599,9.58319893660347
"468","52511910B47715712995546",3,76839.9452239123,230519.835671737,12.3480921926913
"469","52511910B47928826922149",2,1526.09797392019,3052.19594784038,8.0236165934366
"470","52511910B4802898208422",3,21840.2895114541,65520.8685343623,11.090123974458
"471","52511910B48556697809502",3,26873.0238313108,80619.0714939324,11.2974905195363
"472","52511910B4874504546565",2,188474.404949634,376948.809899268,12.8398646744503
"473","52511910B48822656668811",3,5138.02916177641,15414.0874853292,9.64303714202763
"474","52511910B49041277824691",3,1744.6580702598,5233.9742107794,8.56292615582908
"475","52511910B49192689587509",2,8314.37947818805,16628.7589563761,9.71888894260587
"476","52511910B49246730473855",3,52143.0072567818,156429.021770345,11.9603576510705
"477","52511910B49284203349487",3,29941.051984094,89823.155952282,11.4055980824337
"478","52511910B49336497562900",3,83447.1024364623,250341.307309387,12.4305804950038
"479","52511910B49397347460294",3,20131.8544491002,60395.5633473006,11.0086709267101
"480","52511910B4946947315760",3,89151.9370387897,267455.811116369,12.4967096395841
"481","52511910B49492134849249",3,62367.3830184053,187102.149055216,12.1394099983278
"482","52511910B49637011657057",3,39065.0852029528,117195.255608858,11.6715966741526
"483","52511910B4969786063416",3,12271.3702942654,36814.1108827962,10.5136364985617
"484","52511910B49699122775209",2,13041.5803999808,26083.1607999616,10.1690452050145
"485","52511910B49735999236113",2,8141.27534563297,16282.5506912659,9.69784930365176
"486","52511910B50234287801955",3,29446.1848646565,88338.5545939695,11.3889319231644
"487","52511910B50474008293669",3,123881.751871206,371645.255613618,12.8256950643343
"488","52511910B50770239456778",3,25489.153928773,76467.461786319,11.244620593207
"489","52511910B51634678228857",2,155140.843831552,310281.687663104,12.6452358337518
"490","52511910B51671938708352",2,5499.98031164615,10999.9606232923,9.3056469720734
"491","52511910B5173446134858",3,29821.9140694325,89465.7422082975,11.401611062366
"492","52511910B52040400722593",2,37177.5540597413,74355.1081194826,11.2166076532201
"493","52511910B52167757698823",2,38887.7593749427,77775.5187498854,11.2615819916232
"494","52511910B52234359951443",3,38197.2642808735,114591.792842621,11.6491314650143
"495","52511910B52477730632252",3,31174.0385407221,93522.1156221663,11.4459532180262
"496","52511910B53055897182204",3,15114.6825981982,45344.0477945946,10.7220341965344
"497","52511910B53218930904512",3,2981.38239589605,8944.14718768815,9.09875465184357
"498","52511910B53442502489936",3,157648.281565563,472944.844696689,13.0667340532683
"499","52511910B53659520741831",2,63992.9798175963,127985.959635193,11.7596758465353
"500","52511910B53728166380969",3,20765.7124823642,62297.1374470926,11.0396707558402
"501","52511910B54123288304078",2,23088.9737731453,46177.9475462906,10.7402576372757
"502","52511910B54132966107148",2,54688.959160943,109377.918321886,11.6025643051041
"503","52511910B54429610497624",3,162600.606121337,487801.818364011,13.0976644924405
"504","52511910B54492038659997",2,26685.3632095094,53370.7264190188,10.8850176802344
"505","52511910B54544949915679",3,107003.547076685,321010.641230055,12.6792295518121
"506","52511910B54921877123299",3,13955.5008839387,41866.5026518161,10.6422413267883
"507","52511910B55440888068193",3,5910.31001633076,17730.9300489923,9.78306585392441
"508","52511910B55503333028627",2,37869.0804794883,75738.1609589766,11.2350374201863
"509","52511910B55551570232595",3,64449.8111055353,193349.433316606,12.1722543661628
"510","52511910B55567443002533",3,6627.0740670794,19881.2222012382,9.89753095725634
"511","52511910B55591891530874",2,16493.2726680792,32986.5453361584,10.4038550402233
"512","52511910B558444185686",2,67180.47625667,134360.95251334,11.8082851329638
"513","52511910B56209015841977",3,145243.488991256,435730.466973768,12.9847791361556
"514","52511910B56958480946992",3,70296.8053450259,210890.416035078,12.2590939222625
"515","52511910B57035161982504",3,132536.330721702,397608.992165106,12.8932243696182
"516","52511910B57239711193520",3,37658.0701635045,112974.210490513,11.6349148458994
"517","52511910B57344020400583",3,310644.463451978,931933.390355934,13.7450166215385
"518","52511910B57885575775117",2,145996.885348426,291993.770696852,12.5844877477929
"519","52511910B57972476709593",1,14949.8164430216,14949.8164430216,9.6124543006847
"520","52511910B58011485138839",3,4108.01427025545,12324.0428107664,9.41930733348254
"521","52511910B5845387986633",3,5965.62430123615,17896.8729037084,9.79238127845051
"522","52511910B58943778362560",3,14711.305613668,44133.916841004,10.6949838552024
"523","52511910B59176200579981",2,31309.8077826591,62619.6155653182,11.0448338556938
"524","52511910B59203276225690",2,5463.98760529341,10927.9752105868,9.29908131337707
"525","52511910B59245920767717",3,12428.5340241183,37285.6020723549,10.5263625276913
"526","52511910B59360103371589",3,9036.54733622798,27109.6420086839,10.2076447372666
"527","52511910B59553354826271",3,11627.2529264815,34881.7587794445,10.4597193004743
"528","52511910B59671861776280",2,11345.0181641516,22690.0363283032,10.0296811788437
"529","52511910B59824272814460",3,70632.0502152445,211896.150645733,12.2638515781911
"530","52511910B60061263127196",2,36260.48869157,72520.97738314,11.1916311422068
"531","52511910B60889717547120",3,188792.799584757,566378.398754271,13.2470176828418
"532","52511910B61192023784720",2,19843.0484587484,39686.0969174968,10.5887562017502
"533","52511910B61439489120441",3,43197.2378940486,129591.713682146,11.7721441232184
"534","52511910B6162382764157",3,137482.456909349,412447.370728047,12.9298638905032
"535","52511910B61676244874246",2,26579.137598853,53158.275197706,10.88102906681
"536","52511910B61790844495814",3,29740.8759795228,89222.6279385684,11.398889962839
"537","52511910B62200479590982",3,5847.20584076834,17541.617522305,9.77233148073384
"538","52511910B62500214534323",1,113.559784459591,113.559784459591,4.73232943357189
"539","52511910B62556379472396",3,3880.41816445951,11641.2544933785,9.36231048982343
"540","52511910B62562257240113",3,97003.9194560404,291011.758368121,12.5811189521006
"541","52511910B62922031863482",3,4041.68151079038,12125.0445323711,9.40302838857182
"542","52511910B63167976390159",3,13883.3306073878,41649.9918221634,10.6370564512484
"543","52511910B63672424305930",3,17400.6349571763,52201.9048715289,10.8628742649967
"544","52511910B63745543652662",1,58218.1446112274,58218.1446112274,10.971952348211
"545","52511910B6389603869041",3,329386.419074892,988159.257224676,13.803599155263
"546","52511910B648094459248",3,58003.8212314828,174011.463694448,12.0668764593279
"547","52511910B65003852157868",2,12479.1904642293,24958.3809284586,10.1249649537311
"548","52511910B65196754917234",3,75471.3153926554,226413.946177966,12.33012022314
"549","52511910B65674101735888",3,32433.1781028289,97299.5343084867,11.4855494820217
"550","52511910B65736953470193",3,16208.9971321805,48626.9913965415,10.7919340342527
"551","52511910B66300742055958",3,9339.17415660766,28017.522469823,10.2405853959183
"552","52511910B66393591343605",2,23361.6598252758,46723.3196505516,10.7519986691421
"553","52511910B66525116512935",3,28217.3754945661,84652.1264836983,11.34630550814
"554","52511910B66692058551395",2,103447.588256474,206895.176512948,12.2399675503297
"555","52511910B67044835484249",3,33008.6402344361,99025.9207033083,11.5031369201324
"556","52511910B67072521171420",3,3957.16628086744,11871.4988426023,9.38189575112349
"557","52511910B67244265985329",2,62841.242782545,125682.48556509,11.7415140496681
"558","52511910B67503722299641",2,124180.209147972,248360.418295944,12.4226362697098
"559","52511910B67569609565838",3,87283.778669757,261851.336009271,12.4755322018877
"560","52511910B67622492960002",2,24451.3645294832,48902.7290589664,10.7975884828825
"561","52511910B68145786967648",2,78957.7362733878,157915.472546776,11.969815184973
"562","52511910B68305869820707",3,42052.5859687739,126157.757906322,11.7452884496521
"563","52511910B68505135665197",3,266016.081546429,798048.244639287,13.589924331546
"564","52511910B68559401871490",3,98883.7260629859,296651.178188958,12.6003122433255
"565","52511910B68600157990452",2,9624.97076949882,19249.9415389976,9.86526330277613
"566","52511910B68602378722707",3,79896.2741165775,239688.822349732,12.3870967875026
"567","52511910B69050472249631",2,17610.2168427232,35220.4336854464,10.4693816955873
"568","52511910B69477070610060",3,4045.55566211695,12136.6669863509,9.40398647884173
"569","52511910B70153095650041",2,4526.18324288017,9052.36648576034,9.11078149265065
"570","52511910B70290379794397",3,35842.7594644659,107528.278393398,11.5855091467793
"571","52511910B70456030054544",3,1592.34283199055,4777.02849597165,8.47157397861639
"572","52511910B70473175587181",3,5481.59318400052,16444.7795520016,9.70776335336466
"573","52511910B70638918104863",3,17927.8250581987,53783.4751745961,10.8927215460802
"574","52511910B71032150875325",3,13036.5585894184,39109.6757682552,10.5741251774635
"575","52511910B71538284073489",2,3728.51359229505,7457.0271845901,8.9169121130501
"576","52511910B71690687423925",2,23120.3877300682,46240.7754601364,10.7416172735373
"577","52511910B72557613719767",3,291757.681712687,875273.045138061,13.6822911682481
"578","52511910B73336698759549",2,31832.8090951551,63665.6181903102,11.06139995001
"579","52511910B75183314272458",3,26676.090759974,80028.272279922,11.2901352547227
"580","52511910B75402986028359",3,52511.2162176288,157533.648652886,11.9673943566701
"581","52511910B76288634877329",3,56077.7945498462,168233.383649539,12.033107482746
"582","52511910B76622709081814",2,2056.57498771566,4113.14997543132,8.32194443132234
"583","52511910B76643025216805",3,193298.458020755,579895.374062265,13.2706029767026
"584","52511910B76864499188928",2,5100.2142632536,10200.4285265072,9.23018501079253
"585","52511910B77222989775801",3,3508.2371155175,10524.7113465525,9.2614812326688
"586","52511910B77517078586613",3,70991.7569933179,212975.270979954,12.2689313392659
"587","52511910B77588417233313",2,33483.7673314679,66967.5346629358,11.1119632236677
"588","52511910B7774942695724",3,23893.8401368771,71681.5204106313,11.1799882585097
"589","52511910B78140930961679",3,2912.33573721944,8737.00721165832,9.07532298571361
"590","52511910B78362812420952",3,247428.510569054,742285.531707162,13.5174892617493
"591","52511910B78382154896940",2,2242.26129181217,4484.52258362434,8.40838732147454
"592","52511910B7838707993704",3,24344.034795889,73032.104387667,11.1986544095854
"593","52511910B78624558885304",2,75336.103699624,150672.207399248,11.9228619442439
"594","52511910B79023193352255",3,36882.2704605694,110646.811381708,11.6140985279082
"595","52511910B79239618011253",3,104679.485840041,314038.457520123,12.6572707335695
"596","52511910B79351211043156",3,66238.7879503,198716.3638509,12.1996337797081
"597","52511910B79904820365756",3,30037.0178620483,90111.0535861449,11.408798117383
"598","52511910B79940153361499",2,16130.1796808819,32260.3593617638,10.3815944911635
"599","52511910B80020209032330",3,40047.8506715141,120143.552014542,11.6964425735951
"600","52511910B80553421723016",3,70474.6346398418,211423.903919525,12.261620420385
"601","52511910B80611967822771",3,31184.0020720299,93552.0062160897,11.4462727768607
"602","52511910B80613047181881",2,14124.4616585843,28248.9233171686,10.2488106231817
"603","52511910B80624224978544",2,13200.4278245787,26400.8556491574,10.1811516995621
"604","52511910B81270804246754",2,31856.9868335248,63713.9736670496,11.0621591843325
"605","52511910B81672195550340",2,104970.619221188,209941.238442376,12.2545829536025
"606","52511910B81807770672257",3,330926.060256965,992778.180770895,13.8082625351642
"607","52511910B81868017791126",3,15229.0735908019,45687.2207724057,10.7295739047888
"608","52511910B82181877276071",3,30966.1431420215,92898.4294260645,11.4392620185887
"609","52511910B82353065981408",2,11674.1488463633,23348.2976927266,10.0582793564877
"610","52511910B82588790657213",2,15386.4649498361,30772.9298996722,10.3343906831419
"611","52511910B82760897224923",3,21356.8278267088,64070.4834801264,11.067739060728
"612","52511910B83187520966287",2,79789.7412764677,159579.482552935,11.9802974003012
"613","52511910B83254623159264",3,64734.2739370803,194202.821811241,12.1766583651727
"614","52511910B83654747413473",2,72153.2720809943,144306.544161989,11.8796950948216
"615","52511910B8366046265197",3,1223.88266479155,3671.64799437465,8.20839588504691
"616","52511910B83755823779571",2,28188.4511781355,56376.902356271,10.9398148209145
"617","52511910B84130893113897",3,150648.142669715,451944.428009145,13.0213145043734
"618","52511910B84254778922177",3,3303.14982351892,9909.44947055676,9.2012440728603
"619","52511910B8433520860340",3,9728.46220080247,29185.3866024074,10.2814234041634
"620","52511910B8555120582575",3,87044.1873961295,261132.562188389,12.4727834584717
"621","52511910B85663060935330",2,43588.5166229707,87177.0332459414,11.3756961949993
"622","52511910B85672644454395",3,187443.566677625,562330.700032875,13.2398453900385
"623","52511910B8569683364670",3,86586.5822380431,259759.746714129,12.4675124316998
"624","52511910B85706759339541",3,27965.7282726843,83897.1848180529,11.3373473378763
"625","52511910B86399036189677",2,27171.4364809849,54342.8729619698,10.9030687516963
"626","52511910B8640641883305",3,14391.9623158165,43175.8869474495,10.6730374458832
"627","52511910B86463604693023",2,24758.4554555614,49516.9109111228,10.8100695247811
"628","52511910B86635109020715",3,10053.4754296023,30160.4262888069,10.3142859562663
"629","52511910B86664130512952",2,5008.06917965934,10016.1383593187,9.21195290707421
"630","52511910B86675185737242",3,93773.3710107624,281320.113032287,12.5472484922144
"631","52511910B86901151057582",3,37687.514697643,113062.544092929,11.6356964321248
"632","52511910B8694284014765",2,29988.1144466994,59976.2288933988,11.0017035775922
"633","52511910B87526029786391",3,10282.0685293367,30846.2055880101,10.3367690262425
"634","52511910B87738681480797",2,2332.67425143549,4665.34850287098,8.4479178163584
"635","52511910B88737921309662",3,172655.119830526,517965.359491578,13.1576636454371
"636","52511910B89393531563013",3,108676.195771867,326028.587315601,12.6947403476564
"637","52511910B89557374460695",3,2347.19852157286,7041.59556471858,8.85959006618821
"638","52511910B90052363141845",3,8636.05981998393,25908.1794599518,10.1623140070949
"639","52511910B9027234137610",2,29267.4387789905,58534.877557981,10.9773780531371
"640","52511910B9049907467318",2,2833.60778076212,5667.21556152424,8.64245319347764
"641","52511910B90712224530022",3,90840.068297343,272520.204892029,12.5154680367295
"642","52511910B90795941917739",1,10588.7464370273,10588.7464370273,9.26754705925908
"643","52511910B90991611037176",3,2034.17315691838,6102.51947075514,8.71645699288147
"644","52511910B91175598455743",2,22262.6746499014,44525.3492998028,10.7038139531535
"645","52511910B91354507826004",2,185637.879945141,371275.759890282,12.8247003536017
"646","52511910B92065650444302",3,64879.1434340508,194637.430302152,12.1788937750591
"647","52511910B92188863099631",3,52673.6947428191,158021.084228457,11.9704837475901
"648","52511910B92709587856848",3,42381.1844531796,127143.553359539,11.7530720684996
"649","52511910B92990516943265",3,52278.1443942585,156834.433182776,11.96294596217
"650","52511910B93540688501820",3,61163.0273829959,183489.082148988,12.119910446881
"651","52511910B93844416805291",3,34016.7544233155,102050.263269947,11.533220748048
"652","52511910B93975188491166",2,8454.57275508413,16909.1455101683,9.73560990898773
"653","52511910B94067910328765",3,36595.0798442203,109785.239532661,11.6062813685352
"654","52511910B94409074074623",2,10907.7051879282,21815.4103758564,9.99037189701756
"655","52511910B94458762678017",3,27001.6913603556,81005.0740810668,11.3022670746687
"656","52511910B94488542881377",2,35832.9067721281,71665.8135442562,11.1797691143372
"657","52511910B94627775761425",2,48000.696134318,96001.392268636,11.4721179731431
"658","52511910B94675128167590",3,141386.802259755,424160.406779265,12.9578669805456
"659","52511910B95098417504855",2,25259.5541144652,50519.1082289304,10.8301069244664
"660","52511910B95362195406961",3,51703.7617279043,155111.285183713,11.9518981072122
"661","52511910B95398494564210",3,26611.8664230423,79835.5992691269,11.2877247900916
"662","52511910B954183777842",3,94153.6574804646,282460.972441394,12.551295669375
"663","52511910B95850947838113",3,43034.0862148288,129102.258644486,11.7683600719914
"664","52511910B95876228816034",3,18217.1381047333,54651.4143141999,10.9087303727611
"665","52511910B95956240331763",3,55144.5098654361,165433.529596308,12.0163247592636
"666","52511910B96063333949316",3,28234.7891008961,84704.3673026883,11.3469224413261
"667","52511910B96194264601254",3,140079.969144099,420239.907432297,12.9485810353544
"668","52511910B96314718972571",3,5875.31877324984,17625.9563197495,9.77712788548506
"669","52511910B9639721186799",2,19733.2393597698,39466.4787195396,10.5832069505788
"670","52511910B96811995525646",2,8066.78696367296,16133.5739273459,9.68865771677744
"671","52511910B97040583536387",3,259196.817202093,777590.451606279,13.5639552527401
"672","52511910B97060806511909",3,15047.5703623829,45142.7110871487,10.7175841080972
"673","52511910B97228601381981",3,92691.0266597137,278073.079979141,12.5356392357493
"674","52511910B97258167764484",2,127640.311493543,255280.622987086,12.4501187013561
"675","52511910B97596648855860",3,15297.3658211623,45892.0974634869,10.7340482126744
"676","52511910B98030585757527",3,199304.770071795,597914.310215385,13.301202728711
"677","52511910B98629971413037",3,78168.9628274063,234506.888482219,12.3652402416277
"678","52511910B98838605252897",3,63283.1728298758,189849.518489627,12.1539870293893
"679","52511910B98966812491458",3,11700.6317859649,35101.8953578947,10.4660104067965
"680","52511910B99182661436347",3,16753.7889512917,50261.3668538751,10.8249920063879
"681","52511910B99479800826846",2,31658.6401979784,63317.2803959568,11.055913562914
"682","52511910B99923381863543",2,232693.878282256,465387.756564512,13.0506262221655
"683","54806243B53408209397741",1,25969.4313406722,25969.4313406722,10.1646754076389
"684","54806243B54136616884271",1,40753.5009027077,40753.5009027077,10.6152970267017
"685","54806243B56031864903402",1,19042.3997646919,19042.3997646919,9.85442333846478
"686","54806243B93999085545465",1,15557.9388694079,15557.9388694079,9.65232632555267
"687","5873133B47724630895547",1,22235.8908253385,22235.8908253385,10.0094629662456
"688","5873133B47995310482599",1,14962.4358690364,14962.4358690364,9.61329806374419
"689","65221844B83452679821580",1,251.362659923732,251.362659923732,5.52689675657947
"690","77236927B10986826820410",1,673.806059558257,673.806059558257,6.51294232404311
"691","77236927B11778048532769",1,628.085246510647,628.085246510647,6.44267590010732
"692","77236927B15473640252363",1,736.975206895858,736.975206895858,6.60255425104798
"693","77236927B16584952276885",1,1511.47925056256,1511.47925056256,7.32084408641279
"694","77236927B19394632379581",1,5336.73922040489,5336.73922040489,8.58237011255907
"695","77236927B24909731902413",2,3379.27692386442,6758.55384772884,8.81856421830042
"696","77236927B40431360126678",1,3094.87669538158,3094.87669538158,8.03750334438373
"697","77236927B4251587034950",1,1601.76246102501,1601.76246102501,7.37885984012053
"698","77236927B45015777626882",1,1114.04055151136,1114.04055151136,7.01574882154047
"699","77236927B47218530990891",1,879.252215871587,879.252215871587,6.7790717915347
"700","77236927B51416444743643",1,1282.30209742241,1282.30209742241,7.15641225513589
"701","77236927B63418931336998",1,403.089854661897,403.089854661897,5.99915950151539
"702","77236927B64905396997634",1,3530.26179945878,3530.26179945878,8.16912731132995
"703","77236927B67175476765241",2,640.93698947525,1281.8739789505,7.1560783322982
"704","77236927B67571127096265",1,882.748895481877,882.748895481877,6.78304078358356
"705","77236927B67758893467366",1,5236.68558022724,5236.68558022724,8.56344405433071
"706","77236927B68296465422624",1,815.946975145802,815.946975145802,6.70434937141375
"707","77236927B70121045858985",1,1814.09773628704,1814.09773628704,7.50334350810296
"708","77236927B7031422019545",2,3182.37364184715,6364.7472836943,8.75852980614897
"709","77236927B80852571944001",1,1446.12484284352,1446.12484284352,7.27664273567485
"710","77236927B84597259035429",1,4293.03265122455,4293.03265122455,8.36474867388503
"711","77236927B85216783558225",1,6566.12629601851,6566.12629601851,8.78967933272555
"712","77236927B89058038610930",1,439.676496395051,439.676496395051,6.08603922102836
"713","77236927B97444346691075",2,253.472202691853,506.944405383706,6.2284013435032
"714","79324940B26279629748947",1,203.862397110708,203.862397110708,5.31744524228346
"715","79324940B30441549583849",1,813.956714942865,813.956714942865,6.70190718884279
"716","79324940B63649844160089",1,NA,NA,NA
"717","79324940B66206681775054",1,555.280899266474,555.280899266474,6.31947411051293
"718","79324940B76926879567495",1,577.768271921247,577.768271921247,6.35917287465396
"719","79324940B88858920972167",1,332.24710744819,332.24710744819,5.80587899160569
"720","81297802B10167820950608",1,55836.5469068875,55836.5469068875,10.9301838964641
"721","81297802B1045120286230",1,71955.0382046669,71955.0382046669,11.1837967335564
"722","81297802B10763760406842",1,82563.975229916,82563.975229916,11.3213287291434
"723","81297802B11022979046189",1,63711.2474564934,63711.2474564934,11.0621163951495
"724","81297802B11071874803157",1,66338.12150219,66338.12150219,11.1025199958835
"725","81297802B11134761285152",1,96242.3345090273,96242.3345090273,11.4746246075138
"726","81297802B11658146957456",1,55504.7350894357,55504.7350894357,10.924223613022
"727","81297802B12405297659236",1,171257.252758608,171257.252758608,12.0509221071027
"728","81297802B12977108616150",1,45665.8485337879,45665.8485337879,10.7291060006632
"729","81297802B14141540631295",1,89714.7276843356,89714.7276843356,11.4043902228006
"730","81297802B1435628045096",1,31696.758883688,31696.758883688,10.3639697112214
"731","81297802B15613357308975",1,149407.555319318,149407.555319318,11.914433121482
"732","81297802B17638458778811",1,94290.0194347058,94290.0194347058,11.454130624576
"733","81297802B18173194226488",1,140416.869123296,140416.869123296,11.8523709138072
"734","81297802B18343005733844",1,147323.321558226,147323.321558226,11.9003849168581
"735","81297802B18420716282175",1,13350.8868157766,13350.8868157766,9.4993380897702
"736","81297802B19362557849536",1,74149.7708704151,74149.7708704151,11.2138422574792
"737","81297802B20968372540645",1,116027.511571649,116027.511571649,11.6615826106896
"738","81297802B21956500009646",1,72475.7121372455,72475.7121372455,11.1910067797125
"739","81297802B21968879828656",1,108046.659095637,108046.659095637,11.5903184414721
"740","81297802B21970288414729",1,217682.820078446,217682.820078446,12.2907943285296
"741","81297802B22385523751240",1,64140.0441788737,64140.0441788737,11.0688241620351
"742","81297802B23156291808671",1,26988.861351396,26988.861351396,10.2031795173265
"743","81297802B23204917551818",1,101121.782966516,101121.782966516,11.5240808414099
"744","81297802B2331859269186",1,192380.289839568,192380.289839568,12.1672293683047
"745","81297802B23821385944469",1,94414.827344664,94414.827344664,11.4554534091286
"746","81297802B23878626253121",1,164074.148105059,164074.148105059,12.0080737272215
"747","81297802B2421652022296",1,41627.9435398207,41627.9435398207,10.6365269404539
"748","81297802B25708049906691",1,44641.2019981793,44641.2019981793,10.7064125231752
"749","81297802B25831565259333",1,116576.59766265,116576.59766265,11.6663038266021
"750","81297802B26729031323268",1,63623.0643090926,63623.0643090926,11.0607313299573
"751","81297802B28152038240632",1,121590.967650848,121590.967650848,11.7084179665683
"752","81297802B28789600266311",1,183531.826789075,183531.826789075,12.1201433744295
"753","81297802B29202402001629",1,96242.1702624188,96242.1702624188,11.4746229009182
"754","81297802B29311833142389",1,76357.8541823037,76357.8541823037,11.243186176113
"755","81297802B29351066345319",1,55322.4861493323,55322.4861493323,10.9209347260077
"756","81297802B29420287983322",1,84852.9007502865,84852.9007502865,11.3486744568816
"757","81297802B29506934186430",1,83223.5973807512,83223.5973807512,11.3292862089609
"758","81297802B30186135932553",1,120110.066498952,120110.066498952,11.6961638221988
"759","81297802B30905014988311",1,150361.635646008,150361.635646008,11.920798575818
"760","81297802B31270346353021",1,102206.369799346,102206.369799346,11.5347492816133
"761","81297802B31840185218616",1,89714.2286463574,89714.2286463574,11.4043846602873
"762","81297802B3249391660958",1,110055.36353756,110055.36353756,11.608738823046
"763","81297802B33082020704537",1,73050.9335966816,73050.9335966816,11.1989121973392
"764","81297802B33091662264636",1,88905.0539164749,88905.0539164749,11.3953242693403
"765","81297802B33733008951227",1,111834.993138982,111834.993138982,11.6247797883949
"766","81297802B33972751107769",1,24873.5675829417,24873.5675829417,10.1215609757634
"767","81297802B34920687321908",1,108318.627604249,108318.627604249,11.592832418238
"768","81297802B35959496403420",1,78056.8192010027,78056.8192010027,11.2651922917748
"769","81297802B36566531846362",1,52321.7611454232,52321.7611454232,10.8651676466009
"770","81297802B3696641207460",1,93470.7013025282,93470.7013025282,11.4454033111177
"771","81297802B37103290877054",1,50475.0377717303,50475.0377717303,10.8292341915063
"772","81297802B37279419107484",1,80320.4463834545,80320.4463834545,11.293779492473
"773","81297802B37600217906847",1,112406.96662081,112406.96662081,11.6298811951332
"774","81297802B38356347526872",1,95940.2024751455,95940.2024751455,11.4714803854889
"775","81297802B38910067880652",1,111272.098623986,111272.098623986,11.619733819619
"776","81297802B3900213451305",1,38403.0049924564,38403.0049924564,10.5558909905259
"777","81297802B3906213091507",1,154616.176609842,154616.176609842,11.9487010449128
"778","81297802B40676303665635",1,196474.995795407,196474.995795407,12.1882904543342
"779","81297802B40785510400399",1,56642.4044205958,56642.4044205958,10.9445131783952
"780","81297802B40834484476285",1,NA,NA,NA
"781","81297802B41330613652559",1,90635.2564078951,90635.2564078951,11.4145985599093
"782","81297802B41688796411548",1,82488.0169830353,82488.0169830353,11.3204083130827
"783","81297802B42641748496229",1,74895.9835649548,74895.9835649548,11.2238555441016
"784","81297802B42689754920120",1,69369.0252264566,69369.0252264566,11.1471957244781
"785","81297802B42785936874032",1,203074.857660597,203074.857660597,12.2213299469985
"786","81297802B4294080644708",1,146798.85326562,146798.85326562,11.8968185835899
"787","81297802B43083568307928",1,37847.5802097758,37847.5802097758,10.5413223257724
"788","81297802B4597997720172",1,42928.9166988941,42928.9166988941,10.6673009267724
"789","81297802B46977673973725",1,161825.98382838,161825.98382838,11.9942768629774
"790","81297802B47304896634130",1,29643.1817009258,29643.1817009258,10.2969874184845
"791","81297802B47494931699472",1,14474.2800507938,14474.2800507938,9.58012856378068
"792","81297802B47590181438391",1,158643.223748549,158643.223748549,11.9744130841455
"793","81297802B47692200365960",1,120340.28744226,120340.28744226,11.698078737356
"794","81297802B47963627673209",1,111366.902684031,111366.902684031,11.6205854589564
"795","81297802B48396752750587",1,96190.3445199382,96190.3445199382,11.4740842628009
"796","81297802B48433290328639",1,215049.9315534,215049.9315534,12.2786255199296
"797","81297802B48632704069528",1,90957.8271318785,90957.8271318785,11.4181512399671
"798","81297802B51483513425235",1,160937.84591121,160937.84591121,11.9887735191891
"799","81297802B51785257245499",1,53035.3760299435,53035.3760299435,10.8787144421368
"800","81297802B52142956360096",1,32904.375004633,32904.375004633,10.4013609067768
"801","81297802B5241398972305",1,269105.186957215,269105.186957215,12.5028576117326
"802","81297802B53592665760601",1,37411.5650842072,37411.5650842072,10.5297351624523
"803","81297802B53696601888295",1,26577.6412491635,26577.6412491635,10.187825586763
"804","81297802B53771614429572",1,73840.8662680967,73840.8662680967,11.2096676007994
"805","81297802B54089788823696",1,204459.936832581,204459.936832581,12.2281273273634
"806","81297802B54863694878388",1,42779.0557564188,42779.0557564188,10.6638039103128
"807","81297802B55266176914642",1,121577.411446929,121577.411446929,11.7083064701312
"808","81297802B55456276640785",1,59548.9081026331,59548.9081026331,10.9945532388073
"809","81297802B55629975533372",1,180162.451460713,180162.451460713,12.1016142309718
"810","81297802B55656475848083",1,131113.359097804,131113.359097804,11.7838175646199
"811","81297802B55928452292311",1,126847.763855469,126847.763855469,11.750742936614
"812","81297802B56181672233009",1,14334.9014044477,14334.9014044477,9.57045250033412
"813","81297802B5641238333098",1,139156.538373631,139156.538373631,11.8433547538029
"814","81297802B56696175700764",1,80050.8452472933,80050.8452472933,11.2904172773609
"815","81297802B57234015442712",1,161690.813056055,161690.813056055,11.9934412292082
"816","81297802B5756602808944",1,4950.37340308443,4950.37340308443,8.50721828768421
"817","81297802B58266448529829",1,183916.276759709,183916.276759709,12.1222359154289
"818","81297802B59755992581592",1,104576.288999655,104576.288999655,11.5576721223129
"819","81297802B59998896925567",1,136588.479217442,136588.479217442,11.8247278830118
"820","81297802B60728672974675",1,121104.422150416,121104.422150416,11.7044084453932
"821","81297802B61161719512326",1,19490.9989471309,19490.9989471309,9.87770804553042
"822","81297802B61782089337393",1,170012.924818747,170012.924818747,12.043629741488
"823","81297802B62167717430855",1,36542.0132808915,36542.0132808915,10.5062179264134
"824","81297802B62924474209473",1,128126.648251252,128126.648251252,11.7607744931921
"825","81297802B62948768430814",1,69408.9764850032,69408.9764850032,11.147771482295
"826","81297802B63234506717185",1,162888.192179867,162888.192179867,12.0008193068793
"827","81297802B63499365755438",1,72521.8114009901,72521.8114009901,11.1916426425076
"828","81297802B63810165613250",1,9529.88061544251,9529.88061544251,9.16218746933395
"829","81297802B63925273406451",1,143714.817609696,143714.817609696,11.8755861816412
"830","81297802B63935781650096",1,271515.100317327,271515.100317327,12.5117730349212
"831","81297802B64128830492510",1,74818.3380047822,74818.3380047822,11.2228182944074
"832","81297802B64676269296055",1,194987.563486016,194987.563486016,12.1806910585173
"833","81297802B65234108276491",1,88744.8031724384,88744.8031724384,11.3935201498197
"834","81297802B65575052729344",1,48579.8428214474,48579.8428214474,10.7909639670929
"835","81297802B65636962466894",1,30133.8879873841,30133.8879873841,10.3134056642037
"836","81297802B65658789050233",1,88695.1221187567,88695.1221187567,11.3929601737613
"837","81297802B66022953489908",1,140077.807749875,140077.807749875,11.8499533168507
"838","81297802B67206181597957",1,84829.0414872009,84829.0414872009,11.3483932335183
"839","81297802B67689154766571",1,93483.1044115339,93483.1044115339,11.4455359974674
"840","81297802B6810559606516",1,20075.0095538955,20075.0095538955,9.90723101472496
"841","81297802B68109668722051",1,85123.6546281885,85123.6546281885,11.3518602386654
"842","81297802B68427461655945",1,195631.273192364,195631.273192364,12.1839869071994
"843","81297802B69083052749589",1,79404.1466491602,79404.1466491602,11.2823058706721
"844","81297802B69562638547328",1,62003.2462197678,62003.2462197678,11.0349420210399
"845","81297802B6982011035243",1,83311.8072190845,83311.8072190845,11.3303455614366
"846","81297802B69837826881440",1,102960.889165125,102960.889165125,11.5421044782576
"847","81297802B70010606578992",1,101825.609284249,101825.609284249,11.5310169161398
"848","81297802B70315889029707",1,186040.497375492,186040.497375492,12.1337196568213
"849","81297802B70720207353538",1,160683.548959029,160683.548959029,11.987192175353
"850","81297802B70743667519193",1,115982.656851611,115982.656851611,11.6611959490109
"851","81297802B71504358310710",1,142262.600081985,142262.600081985,11.8654299250921
"852","81297802B72056692107631",1,143452.503796609,143452.503796609,11.8737592753988
"853","81297802B72423367852086",1,17757.8127673576,17757.8127673576,9.78458085397084
"854","81297802B72565329345275",1,29139.331838452,29139.331838452,10.2798441501264
"855","81297802B72882386082996",1,71363.6900605713,71363.6900605713,11.175544476407
"856","81297802B74485828948407",1,102442.734762197,102442.734762197,11.537059236191
"857","81297802B75512670100174",1,102308.711337766,102308.711337766,11.5357501031311
"858","81297802B76384767601248",1,2827.5421781615,2827.5421781615,7.94716312500068
"859","81297802B77309747732529",1,118902.776391163,118902.776391163,11.6860614330468
"860","81297802B7752291855220",1,32163.4143415945,32163.4143415945,10.3785848849957
"861","81297802B77828019918781",1,108870.398776139,108870.398776139,11.5979134517338
"862","81297802B77847273364040",1,103846.525481068,103846.525481068,11.5506693716533
"863","81297802B78295235973409",1,158491.639814035,158491.639814035,11.9734571252556
"864","81297802B78342510004852",1,23936.7905421869,23936.7905421869,10.0831719075595
"865","81297802B7902592700170",1,98621.0733167794,98621.0733167794,11.499040243077
"866","81297802B79786453625721",1,88013.9193378251,88013.9193378251,11.3852502552456
"867","81297802B80649611591308",1,105747.785127444,105747.785127444,11.5688121522679
"868","81297802B80912783182295",1,17942.7270471247,17942.7270471247,9.7949401333763
"869","81297802B81208073820584",1,113463.460183704,113463.460183704,11.6392361273634
"870","81297802B81471151736005",1,64904.738243536,64904.738243536,11.0806759084022
"871","81297802B81765499113898",1,30638.7032099403,30638.7032099403,10.3300192995235
"872","81297802B82332241258399",1,165864.353393668,165864.353393668,12.0189255850602
"873","81297802B82512093072214",1,102918.789709588,102918.789709588,11.5416955068006
"874","81297802B82663613485319",1,172536.419394926,172536.419394926,12.0583636200965
"875","81297802B82760747397164",1,138864.245882034,138864.245882034,11.8412520865504
"876","81297802B83094530275497",1,84579.1339420553,84579.1339420553,11.3454428714618
"877","81297802B83594447255",1,73204.5133227594,73204.5133227594,11.2010123554634
"878","81297802B85029486143959",1,42551.2108614329,42551.2108614329,10.6584635909746
"879","81297802B85054848055124",1,153845.11305851,153845.11305851,11.9437016159201
"880","81297802B85279913761146",1,68444.2636240414,68444.2636240414,11.1337750233194
"881","81297802B85424672096974",1,112365.234510932,112365.234510932,11.629509867094
"882","81297802B85505749224324",1,64701.8363462572,64701.8363462572,11.0775448625631
"883","81297802B85581314164043",1,98615.5998286238,98615.5998286238,11.4989847413484
"884","81297802B85934029741785",1,23550.2369623561,23550.2369623561,10.0668911614897
"885","81297802B85996690558528",1,100206.647429277,100206.647429277,11.5149898070419
"886","81297802B86407395704878",1,162918.686943193,162918.686943193,12.001006502211
"887","81297802B86432819232797",1,52790.0407839826,52790.0407839826,10.8740778303876
"888","81297802B86878375688696",1,198921.979729283,198921.979729283,12.2006679651685
"889","81297802B89611140069217",1,63722.0436151523,63722.0436151523,11.0622858353106
"890","81297802B89663618716792",1,12562.174550151,12562.174550151,9.43844555801021
"891","81297802B8967556658808",1,46501.5126050363,46501.5126050363,10.747240120187
"892","81297802B90742047749751",1,269863.509177188,269863.509177188,12.5056715885954
"893","81297802B91620400281223",1,189334.359939548,189334.359939548,12.1512698312364
"894","81297802B91668671895601",1,107685.811428505,107685.811428505,11.5869731128549
"895","81297802B91982413663988",1,141792.558997063,141792.558997063,11.8621204163652
"896","81297802B92281690814663",1,158349.387019836,158349.387019836,11.9725591809131
"897","81297802B92770026846870",1,72753.6326397092,72753.6326397092,11.194834116979
"898","81297802B9308814425220",1,89071.4581450642,89071.4581450642,11.3971942270684
"899","81297802B93646092032264",1,62578.6182345038,62578.6182345038,11.0441789369935
"900","81297802B93912769577432",1,201414.452388,201414.452388,12.2131200163146
"901","81297802B94506734482800",1,152358.297077091,152358.297077091,11.9339902435617
"902","81297802B9474885125507",1,136881.838235745,136881.838235745,11.8268733380182
"903","81297802B95308085705563",1,102794.402731888,102794.402731888,11.5404861823875
"904","81297802B95607767906649",1,34437.90805904,34437.90805904,10.4469132150894
"905","81297802B95629282135268",1,146301.848353599,146301.848353599,11.8934272209243
"906","81297802B97142358911210",1,173870.112138854,173870.112138854,12.0660638174797
"907","81297802B973126409201",1,74042.8259046479,74042.8259046479,11.2123989332288
"908","81297802B97652803071493",1,186755.503328017,186755.503328017,12.1375555715195
"909","81297802B98282177960136",1,118660.786067279,118660.786067279,11.6840241643253
"910","81297802B98438479076374",1,111233.969886271,111233.969886271,11.6193910987365
"911","81297802B98540731986743",1,60210.8246982399,60210.8246982399,11.0056074273957
"912","81297802B98842550999199",1,20140.1774401837,20140.1774401837,9.91047197657057
"913","81297802B99190294686821",1,155994.177635546,155994.177635546,11.9575739626861
"914","81297802B99638089462809",1,94183.4056917631,94183.4056917631,11.4529992846617
"915","81297802B99776560080545",1,59891.5626430212,59891.5626430212,11.0002909168036
"916","81297802B99897160628736",1,175911.111291049,175911.111291049,12.0777340969572
"917","9080712B10494943031822",1,340438.171399668,340438.171399668,12.7379888062913
"918","9080712B11141313508988",1,590976.113730818,590976.113730818,13.2895308788723
"919","9080712B12207688808427",1,219907.624667842,219907.624667842,12.3009628492835
"920","9080712B12342579002925",1,149656.441873225,149656.441873225,11.9160975586172
"921","9080712B12556953600805",1,201645.609613009,201645.609613009,12.2142670277511
"922","9080712B12767275988339",1,187393.861854787,187393.861854787,12.1409678940066
"923","9080712B12877752368476",1,323270.079258834,323270.079258834,12.6862434115149
"924","9080712B13475745568199",1,150609.846596695,150609.846596695,11.9224479746588
"925","9080712B15005694696398",1,204969.184684583,204969.184684583,12.2306149282098
"926","9080712B15930172924849",1,239647.891919129,239647.891919129,12.3869260080506
"927","9080712B16183166657262",1,227944.490390578,227944.490390578,12.3368574150954
"928","9080712B16572211542142",1,104390.703261438,104390.703261438,11.5558959012456
"929","9080712B1828811301066",1,253040.229047031,253040.229047031,12.4413037631602
"930","9080712B1934102491611",1,69319.3050008383,69319.3050008383,11.1464787178248
"931","9080712B19665394937089",1,124462.799436166,124462.799436166,11.7317621505279
"932","9080712B20393636496486",1,348939.769213293,348939.769213293,12.76265460524
"933","9080712B21023064751221",1,71146.3856108536,71146.3856108536,11.1724948026613
"934","9080712B21869275799194",1,941589.849235603,941589.849235603,13.7553250545341
"935","9080712B22270450131797",1,149165.219673713,149165.219673713,11.9128098274705
"936","9080712B22531050101095",1,282614.403683964,282614.403683964,12.5518387163837
"937","9080712B23643149504284",1,85798.3221980719,85798.3221980719,11.3597547304838
"938","9080712B23771476284084",1,438842.424378433,438842.424378433,12.9918956854318
"939","9080712B26308767875419",1,174334.793877067,174334.793877067,12.0687328322238
"940","9080712B28109040189769",1,117895.186796824,117895.186796824,11.6775512612377
"941","9080712B31316334032792",1,366171.549834441,366171.549834441,12.8108572179654
"942","9080712B31567540756481",1,306052.412499685,306052.412499685,12.631511648946
"943","9080712B32197267489799",1,239117.557547783,239117.557547783,12.3847105825688
"944","9080712B32467801340280",1,177704.193027198,177704.193027198,12.0878756099656
"945","9080712B32663712859434",1,246773.062980469,246773.062980469,12.4162244199207
"946","9080712B3282712316304",1,211539.200955141,211539.200955141,12.2621656075994
"947","9080712B35554323277661",1,591442.406133137,591442.406133137,13.2903195884851
"948","9080712B36001150789343",1,110355.27568719,110355.27568719,11.6114602192162
"949","9080712B37144090362745",1,209181.228798598,209181.228798598,12.2509562786509
"950","9080712B38310041330511",1,256402.255914203,256402.255914203,12.4545028024073
"951","9080712B4133396952261",1,222474.573586009,222474.573586009,12.3125680980405
"952","9080712B41579914196826",1,781459.488270565,781459.488270565,13.5689185890746
"953","9080712B4246065068944",1,517882.383528021,517882.383528021,13.1575034366336
"954","9080712B44533972228842",1,375984.512935997,375984.512935997,12.8373032325237
"955","9080712B45484448191926",1,536669.158765248,536669.158765248,13.1931370919437
"956","9080712B46320351698050",1,135230.188927655,135230.188927655,11.8147337085503
"957","9080712B46742375662988",1,128573.324319477,128573.324319477,11.7642546378495
"958","9080712B47135883289090",1,200914.419770988,200914.419770988,12.2106343240908
"959","9080712B47230865000916",1,160710.999197507,160710.999197507,11.9873629949185
"960","9080712B4740307637574",1,170001.529584564,170001.529584564,12.0435627135482
"961","9080712B48550997087693",1,104477.674240353,104477.674240353,11.556728683929
"962","9080712B4855529337749",1,130384.547390717,130384.547390717,11.7782434198479
"963","9080712B51460389892119",1,96636.5949495964,96636.5949495964,11.4787127781687
"964","9080712B53025975773445",1,46614.6579100849,46614.6579100849,10.7496703180808
"965","9080712B54053191384380",1,307766.854902006,307766.854902006,12.6370978107095
"966","9080712B55803343495584",1,281058.796660016,281058.796660016,12.5463191672111
"967","9080712B55874049977973",1,213144.524046069,213144.524046069,12.2697257312514
"968","9080712B5594507413041",1,173293.660943204,173293.660943204,12.0627428965188
"969","9080712B56467558784278",1,323767.873424195,323767.873424195,12.6877820979599
"970","9080712B59470533264950",1,123958.119517212,123958.119517212,11.7276990417093
"971","9080712B60024212351077",1,257743.953704931,257743.953704931,12.4597219436213
"972","9080712B60430436170387",1,291631.341052146,291631.341052146,12.5832457529438
"973","9080712B62596959688734",1,153443.978145474,153443.978145474,11.9410908161724
"974","9080712B63045965946923",1,314790.310073754,314790.310073754,12.6596620138374
"975","9080712B65780734394683",1,857309.050930678,857309.050930678,13.6615537520947
"976","9080712B65892771938338",1,121517.926212012,121517.926212012,11.7078170717193
"977","9080712B66020945008942",1,545242.6674013,545242.6674013,13.2089862358328
"978","9080712B68933313347611",1,157862.771889868,157862.771889868,11.9694814022737
"979","9080712B70108318673900",1,282195.188814815,282195.188814815,12.5503542694065
"980","9080712B71139559915773",1,173261.662182522,173261.662182522,12.0625582289715
"981","9080712B7142008744258",1,545327.227220411,545327.227220411,13.2091413103854
"982","9080712B71751850087335",1,669409.08017911,669409.08017911,13.4141506323209
"983","9080712B71816088812668",1,228962.892790012,228962.892790012,12.3413152291882
"984","9080712B72120355157145",1,92661.2385494955,92661.2385494955,11.436705525485
"985","9080712B7263019231598",1,154894.131383705,154894.131383705,11.9504971392037
"986","9080712B73406686460432",1,37037.3711348129,37037.3711348129,10.5196827125592
"987","9080712B74961375967872",1,806219.709177422,806219.709177422,13.6001115763738
"988","9080712B76343097183385",1,122623.756414427,122623.756414427,11.7168760554456
"989","9080712B76508115164917",1,165117.092197853,165117.092197853,12.0144101508844
"990","9080712B79420428964989",1,640180.814705252,640180.814705252,13.3695059384107
"991","9080712B80551480535536",1,603621.713574292,603621.713574292,13.3107029786786
"992","9080712B80842466042481",1,69742.0092255294,69742.0092255294,11.1525581300459
"993","9080712B81701554326999",1,471553.030291556,471553.030291556,13.0637868461873
"994","9080712B81959387268883",1,276462.850669133,276462.850669133,12.529831735291
"995","9080712B83069320891793",1,169878.318867621,169878.318867621,12.0428376883788
"996","9080712B83077014043228",1,766838.656545728,766838.656545728,13.5500317016969
"997","9080712B86479073269736",1,243024.828571591,243024.828571591,12.4009188922949
"998","9080712B8704755387481",1,191725.363274802,191725.363274802,12.1638192274014
"999","9080712B87157839876770",1,173598.24198359,173598.24198359,12.0644989543345
"1000","9080712B88448712790613",1,182568.822923971,182568.822923971,12.114882492828
"1001","9080712B90248628602253",1,606123.484678085,606123.484678085,13.314839014389
"1002","9080712B95574283757937",1,98103.1767293809,98103.1767293809,11.4937750275916
"1003","9080712B96150168023464",1,441911.894103132,441911.894103132,12.9988658065818
"1004","9080712B97607393689303",1,358389.464975447,358389.464975447,12.7893755650511
"1005","9080712B98057919128788",1,146318.781154635,146318.781154635,11.8935429530317
"1006","9080712B9983033008018",1,163754.929869745,163754.929869745,12.0061262591191
"1007","91817680B10131618900015",1,527205.492410392,527205.492410392,13.1753456801935
"1008","91817680B11339106619066",1,103834.136965568,103834.136965568,11.5505500681479
"1009","91817680B11377751855609",1,155626.317843941,155626.317843941,11.9552130142388
"1010","91817680B14096955932506",1,51103.4380301529,51103.4380301529,10.8416070543621
"1011","91817680B14643286354390",1,369837.624219284,369837.624219284,12.8208193348346
"1012","91817680B14745943099772",1,95635.2150058161,95635.2150058161,11.4682963890138
"1013","91817680B14892127844453",1,165691.585838242,165691.585838242,12.0178834226337
"1014","91817680B15226656503507",1,79025.7243463787,79025.7243463787,11.2775287030827
"1015","91817680B16002130574290",1,343740.84719082,343740.84719082,12.7476433012545
"1016","91817680B16014600177045",1,226265.697948452,226265.697948452,12.3294652423528
"1017","91817680B1629367715088",1,116199.744131385,116199.744131385,11.6630659214301
"1018","91817680B16538338684661",1,171191.239667485,171191.239667485,12.050536571214
"1019","91817680B1659695850463",1,70521.6911864448,70521.6911864448,11.1636756178812
"1020","91817680B17319558643664",1,60812.9143274826,60812.9143274826,11.0155574521012
"1021","91817680B1968034056748",1,522394.85964701,522394.85964701,13.1661790170166
"1022","91817680B19736947579274",1,614026.148329835,614026.148329835,13.3277927930789
"1023","91817680B20286966250971",1,71372.696646507,71372.696646507,11.1756706752853
"1024","91817680B21216327036282",1,120711.273852204,120711.273852204,11.701156806636
"1025","91817680B21539665501577",1,151760.56046819,151760.56046819,11.930059297724
"1026","91817680B21680824294868",1,126724.621803696,126724.621803696,11.7497716789502
"1027","91817680B23901291202395",1,40491.9195323913,40491.9195323913,10.6088577154696
"1028","91817680B25965069984368",1,447206.506188006,447206.506188006,13.0107757494381
"1029","91817680B26607970527366",1,208143.096616103,208143.096616103,12.2459810866449
"1030","91817680B27152027053647",1,81361.5219167414,81361.5219167414,11.3066577365055
"1031","91817680B2886775060222",1,43070.1117256198,43070.1117256198,10.6705845720922
"1032","91817680B29418542168397",1,115312.08685513,115312.08685513,11.6553975303824
"1033","91817680B29564477042831",1,207155.013785217,207155.013785217,12.2412226508584
"1034","91817680B29624883381183",1,313271.828314151,313271.828314151,12.6548265536957
"1035","91817680B30301323398004",1,96100.9599044657,96100.9599044657,11.4731545835086
"1036","91817680B30315657457409",1,42102.2258461666,42102.2258461666,10.6478558887281
"1037","91817680B30491742711894",1,541532.260358408,541532.260358408,13.2021579195644
"1038","91817680B32789615967236",1,377823.289304818,377823.289304818,12.8421818766833
"1039","91817680B33140835215225",1,70812.1275232983,70812.1275232983,11.1677855577148
"1040","91817680B35509676151777",1,104024.90809606,104024.90809606,11.5523856503714
"1041","91817680B35753357340942",1,134430.009024778,134430.009024778,11.808798963582
"1042","91817680B36456413113015",1,68340.2577612837,68340.2577612837,11.1322542974105
"1043","91817680B36624004409046",1,48819.7948423712,48819.7948423712,10.7958911416106
"1044","91817680B37660936440541",1,62907.9852704607,62907.9852704607,11.0494283864665
"1045","91817680B37911583032119",1,248096.56476401,248096.56476401,12.4215733234091
"1046","91817680B38772026787440",1,258936.031518401,258936.031518401,12.464336327622
"1047","91817680B3942656644244",1,199271.06829103,199271.06829103,12.2024213290351
"1048","91817680B39459501575733",1,179476.09925274,179476.09925274,12.0977973262497
"1049","91817680B40148089014896",1,83255.6630853824,83255.6630853824,11.3296714305787
"1050","91817680B40505476377979",1,144168.56869538,144168.56869538,11.8787385098617
"1051","91817680B40534015790157",1,66076.0369122149,66076.0369122149,11.0985614323076
"1052","91817680B40614027699537",1,63918.1092945978,63918.1092945978,11.0653580007567
"1053","91817680B41858032192319",1,166121.90682068,166121.90682068,12.0204771762526
"1054","91817680B41928523553758",1,479322.914332634,479322.914332634,13.0801297919178
"1055","91817680B41990583973423",1,283686.704901061,283686.704901061,12.5556257564668
"1056","91817680B43065782555772",1,127701.270089034,127701.270089034,11.7574489878524
"1057","91817680B43312282385471",1,603615.119116359,603615.119116359,13.3106920538
"1058","91817680B43357769940671",1,103244.560067896,103244.560067896,11.5448558224415
"1059","91817680B43621567480447",1,74753.7625344618,74753.7625344618,11.2219548248954
"1060","91817680B44245642839981",1,90896.5535777459,90896.5535777459,11.4174773650106
"1061","91817680B4431337162748",1,78645.7736496123,78645.7736496123,11.2727091708647
"1062","91817680B44728384221537",1,23585.7786463646,23585.7786463646,10.0683992096472
"1063","91817680B44911241756091",1,81325.1864597198,81325.1864597198,11.3062110441114
"1064","91817680B44952414610796",1,104632.903704528,104632.903704528,11.558213348112
"1065","91817680B46219646335198",1,41947.0175258817,41947.0175258817,10.6441626134414
"1066","91817680B46467557111645",1,77518.5510794321,77518.5510794321,11.2582725554642
"1067","91817680B46750425552975",1,45168.019705972,45168.019705972,10.7181445867749
"1068","91817680B47987210748527",1,51992.415370821,51992.415370821,10.8588531286718
"1069","91817680B48783047676904",1,81430.0992552328,81430.0992552328,11.307500253363
"1070","91817680B49246193334347",1,317223.868981433,317223.868981433,12.6673630149075
"1071","91817680B50347392057391",1,213413.575477127,213413.575477127,12.2709872309957
"1072","91817680B50780672353800",1,174389.166873605,174389.166873605,12.0690446719773
"1073","91817680B51132506733028",1,44137.9361244797,44137.9361244797,10.6950749212296
"1074","91817680B51138241033746",1,114174.086511335,114174.086511335,11.6454796372446
"1075","91817680B51344731064077",1,202850.421812863,202850.421812863,12.2202241480648
"1076","91817680B51485783996699",1,189050.191742026,189050.191742026,12.1497678235583
"1077","91817680B53198155341948",1,35439.4357434204,35439.4357434204,10.4755804831312
"1078","91817680B53321453404308",1,426987.239799855,426987.239799855,12.9645094083915
"1079","91817680B53543824194985",1,80869.6757026329,80869.6757026329,11.3005941959747
"1080","91817680B53616587081026",1,413690.172272629,413690.172272629,12.9328725964812
"1081","91817680B54049766777888",1,152679.430920935,152679.430920935,11.9360957795856
"1082","91817680B5490200958143",1,447550.380364308,447550.380364308,13.0115443921799
"1083","91817680B55050579859044",1,448118.831095079,448118.831095079,13.0128137242052
"1084","91817680B55576639555152",1,221924.689694907,221924.689694907,12.3100933676925
"1085","91817680B55715776787208",1,63073.776531755,63073.776531755,11.052060376282
"1086","91817680B55822624410007",1,56497.7547916755,56497.7547916755,10.9419561781445
"1087","91817680B56099735913612",1,48234.5019368284,48234.5019368284,10.7838298517885
"1088","91817680B56248521536513",1,153428.207275842,153428.207275842,11.9409880315579
"1089","91817680B56582975498752",1,420783.878090009,420783.878090009,12.949874627148
"1090","91817680B5684950588758",1,175712.47070842,175712.47070842,12.0766042489383
"1091","91817680B57044302860475",1,361680.786838571,361680.786838571,12.7985172974764
"1092","91817680B5725333816693",1,228967.679181405,228967.679181405,12.3413361336295
"1093","91817680B58085958229296",1,112815.776175046,112815.776175046,11.6335114679745
"1094","91817680B58418421780923",1,50505.6600379193,50505.6600379193,10.8298406889418
"1095","91817680B59476098361869",1,50256.6953842044,50256.6953842044,10.8248990585222
"1096","91817680B59614790278386",1,71496.7516046192,71496.7516046192,11.1774072955468
"1097","91817680B60221740281290",1,75423.6097864121,75423.6097864121,11.2308756321227
"1098","91817680B60871253292980",1,101452.724636088,101452.724636088,11.5273482018286
"1099","91817680B60872934813823",1,96297.0103562305,96297.0103562305,11.4751925521977
"1100","91817680B61474779558203",1,36826.0166491688,36826.0166491688,10.5139598485307
"1101","91817680B6202152929023",1,167078.951805703,167078.951805703,12.0262217449842
"1102","91817680B63185877293812",1,272952.469145451,272952.469145451,12.5170529533146
"1103","91817680B64740203795166",1,107286.272859176,107286.272859176,11.5832559880878
"1104","91817680B65126245655882",1,414961.332251804,414961.332251804,12.9359406195749
"1105","91817680B66829558888986",1,253187.892011282,253187.892011282,12.4418871482481
"1106","91817680B6691327376510",1,67288.55367557,67288.55367557,11.1167454220529
"1107","91817680B67324121140218",1,75572.3284071469,75572.3284071469,11.2328454688031
"1108","91817680B67839742247787",1,235063.926969314,235063.926969314,12.3676127857896
"1109","91817680B68494559899558",1,127143.59536538,127143.59536538,11.7530723988807
"1110","91817680B6871011244235",1,180530.696573265,180530.696573265,12.1036561064136
"1111","91817680B68842805087026",1,64405.3821254826,64405.3821254826,11.0729524819774
"1112","91817680B69479464976516",1,233539.109475361,233539.109475361,12.3611048344656
"1113","91817680B6950995223857",1,727738.188079941,727738.188079941,13.4976966307375
"1114","91817680B70392770223342",1,20829.3273456996,20829.3273456996,9.94411724116037
"1115","91817680B720891985776",1,121631.81577456,121631.81577456,11.7087538571746
"1116","91817680B72690271662871",1,456124.817359299,456124.817359299,13.0305217733206
"1117","91817680B73468302874709",1,81877.7353341724,81877.7353341724,11.3129823810411
"1118","91817680B73468767289539",1,164309.304181337,164309.304181337,12.009505931645
"1119","91817680B74553451927555",1,45567.2500733626,45567.2500733626,10.7269445373276
"1120","91817680B7472001038353",1,522609.421104908,522609.421104908,13.1665896592787
"1121","91817680B75298348451478",1,31681.5422978888,31681.5422978888,10.3634895283888
"1122","91817680B75354784424725",1,72850.6489699928,72850.6489699928,11.1961667198883
"1123","91817680B75376031789242",1,92739.3740771586,92739.3740771586,11.4375484087007
"1124","91817680B75710427976091",1,397514.77350751,397514.77350751,12.8929873784425
"1125","91817680B75936691302089",1,793711.677499537,793711.677499537,13.584475547708
"1126","91817680B78599330358722",1,118450.819339658,118450.819339658,11.6822531267404
"1127","91817680B7861346133014",1,49151.4621795366,49151.4621795366,10.8026618744621
"1128","91817680B78801700081843",1,96086.1220716147,96086.1220716147,11.4730001732045
"1129","91817680B7912985797785",1,60933.7547088603,60933.7547088603,11.0175425646635
"1130","91817680B79863718076959",1,58174.0173246328,58174.0173246328,10.9711940963155
"1131","91817680B8017156108400",1,370809.409326585,370809.409326585,12.8234434880978
"1132","91817680B81929081090334",1,94407.4346368729,94407.4346368729,11.455375105779
"1133","91817680B8309013283439",1,421205.519044323,421205.519044323,12.9508761623003
"1134","91817680B8449507929864",1,145578.5891856,145578.5891856,11.8884713516348
"1135","91817680B85110926045998",1,156437.706490313,156437.706490313,11.9604131681273
"1136","91817680B85222249357664",1,35164.3087602397,35164.3087602397,10.4677868915104
"1137","91817680B85680883794904",1,300145.718176376,300145.718176376,12.6120233629656
"1138","91817680B86395324328742",1,26764.4929942864,26764.4929942864,10.1948313997856
"1139","91817680B86480113122364",1,43286.051335177,43286.051335177,10.6755857220271
"1140","91817680B86612267469181",1,145557.34425998,145557.34425998,11.8883254065746
"1141","91817680B86853073591153",1,241779.645191467,241779.645191467,12.3957820332699
"1142","91817680B87543439372548",1,254949.285575744,254949.285575744,12.4488199242662
"1143","91817680B87996420220515",1,240310.413492094,240310.413492094,12.3896867561668
"1144","91817680B88957070935676",1,461649.72391148,461649.72391148,13.0425617091533
"1145","91817680B88985387415210",1,46446.9783031424,46446.9783031424,10.7460666894487
"1146","91817680B89058224266184",1,51655.5990515115,51655.5990515115,10.8523538723804
"1147","91817680B8944082307158",1,380453.913576943,380453.913576943,12.8491203282568
"1148","91817680B89733153975870",1,32314.2016287487,32314.2016287487,10.3832620914889
"1149","91817680B90442190394967",1,122517.520213371,122517.520213371,11.7160093208902
"1150","91817680B915295689263",1,78200.8096861599,78200.8096861599,11.2670352805228
"1151","91817680B91736183236009",1,78699.5040422453,78699.5040422453,11.2733921325082
"1152","91817680B92610564128426",1,44828.9593842662,44828.9593842662,10.7106096243944
"1153","91817680B92844029998138",1,392299.842554147,392299.842554147,12.8797817308571
"1154","91817680B92973690121395",1,69386.8455812884,69386.8455812884,11.1474525835908
"1155","91817680B93090957259339",1,30792.5294337292,30792.5294337292,10.3350273886885
"1156","91817680B93219729656421",1,50277.5145293221,50277.5145293221,10.8253132288913
"1157","91817680B93885607227135",1,132078.852675959,132078.852675959,11.7911543919721
"1158","91817680B94836834309250",1,545576.012983777,545576.012983777,13.2095974200724
"1159","91817680B94972366910411",1,60683.6407343181,60683.6407343181,11.0134294305802
"1160","91817680B96375859106804",1,66675.6518349759,66675.6518349759,11.107595125305
"1161","91817680B96761005572442",1,50915.8095399592,50915.8095399592,10.8379287543116
"1162","91817680B99071511370380",1,155452.132717193,155452.132717193,11.9540931350274
"1163","91817680B99242230797556",1,255490.585519067,255490.585519067,12.4509408406635
"1164","91817680B9940099959324",1,34887.9417636709,34887.9417636709,10.4598965402845
"1165","91817680B99536699865294",1,206413.367514257,206413.367514257,12.2376360755808
"1166","93511190B76376744251170",1,5686.1439454769,5686.1439454769,8.64578760766203
"1167","94954027B73683206567439",1,5934.35891076802,5934.35891076802,8.68851428280465
"1168","97153195B16319119687534",1,3812.3404945922,3812.3404945922,8.24599858255644
"1169","97153195B24972598877483",1,2428.16235362397,2428.16235362397,7.79489001716956
"1170","97153195B48441070638838",1,4581.03889640316,4581.03889640316,8.42968108466125
"1171","97153195B49171741806918",1,6516.86187321059,6516.86187321059,8.78214823126514
"1172","97153195B58101898205888",1,1961.26775330511,1961.26775330511,7.58134635604202
"1173","97153195B5813678005448",1,1265.35082977835,1265.35082977835,7.14310469850432
"1174","97153195B72128513413491",1,5176.7136919734,5176.7136919734,8.55192571152352
"1175","97153195B7459502303210",1,4253.31404778718,4253.31404778718,8.35545373400108
"1176","97153195B83197530845720",1,3859.35446904987,3859.35446904987,8.25825521247594
