"","ADM2_id","exposure_days","total_population","region","person_day_exposure","pop_wt_grdi","country"
"1","17275852B2295538790743",1,1482428.0655233,"Western Pacific",1482428.0655233,11.9661162336124,"China"
"2","17275852B41190306193582",1,601310.945051127,"Western Pacific",601310.945051127,1.66992102351651,"China"
"3","17275852B78973254528560",1,610963.574422968,"Western Pacific",610963.574422968,2.08799239807081,"China"
"4","17275852B7979903099841",1,469731.845220705,"Western Pacific",469731.845220705,1.20393110712394,"China"
"5","17275852B82960244806798",1,230670.52036072,"Western Pacific",230670.52036072,1.53654608121724,"China"
"6","17275852B86431238150342",1,768622.902405038,"Western Pacific",768622.902405038,4.70860705010273,"China"
"7","17275852B98891327369808",1,354669.220999541,"Western Pacific",354669.220999541,2.22779620339861,"China"
"8","22064153B13415196919485",1,22962.3056059249,"Western Pacific",22962.3056059249,31.789052630419,"Japan"
"9","22064153B1430516965980",1,28082.8439018295,"Western Pacific",28082.8439018295,43.4688898064169,"Japan"
"10","22064153B16264764307082",1,102436.317890018,"Western Pacific",102436.317890018,31.2218884380987,"Japan"
"11","22064153B18443780619579",1,12528.9153628553,"Western Pacific",12528.9153628553,32.145003647704,"Japan"
"12","22064153B21463927954199",1,74851.1992290188,"Western Pacific",74851.1992290188,25.6205556104091,"Japan"
"13","22064153B21529335846532",1,7650.19207505696,"Western Pacific",7650.19207505696,45.5258519979486,"Japan"
"14","22064153B25042190901764",1,553037.380523651,"Western Pacific",553037.380523651,22.2518763992627,"Japan"
"15","22064153B30432270495602",1,23241.2375942298,"Western Pacific",23241.2375942298,30.0928172437811,"Japan"
"16","22064153B32453256362792",1,11174.1616462293,"Western Pacific",11174.1616462293,42.198157651524,"Japan"
"17","22064153B34841335570745",1,103605.017384955,"Western Pacific",103605.017384955,35.4178545133087,"Japan"
"18","22064153B35477366306356",1,10917.7710233181,"Western Pacific",10917.7710233181,36.559716652279,"Japan"
"19","22064153B47088094291136",1,36539.3169096936,"Western Pacific",36539.3169096936,43.040197864872,"Japan"
"20","22064153B49276333720668",1,268.459258313291,"Western Pacific",268.459258313291,42.1577253789408,"Japan"
"21","22064153B50130441477952",1,19009.0940069587,"Western Pacific",19009.0940069587,35.303168774346,"Japan"
"22","22064153B55971315986708",1,4470.60738461216,"Western Pacific",4470.60738461216,41.0884868850001,"Japan"
"23","22064153B56106555282703",1,119983.420234723,"Western Pacific",119983.420234723,27.8706297228684,"Japan"
"24","22064153B57554253448105",1,1603.70933153933,"Western Pacific",1603.70933153933,46.5506300576774,"Japan"
"25","22064153B58787616490408",1,23195.6610549249,"Western Pacific",23195.6610549249,43.0687229315278,"Japan"
"26","22064153B63840040249051",1,44248.3600132508,"Western Pacific",44248.3600132508,35.0634024925066,"Japan"
"27","22064153B68069187412847",1,24192.7518844669,"Western Pacific",24192.7518844669,30.6811040668288,"Japan"
"28","22064153B71803232115030",1,47656.2091070281,"Western Pacific",47656.2091070281,34.6964476260703,"Japan"
"29","22064153B74370220833750",1,7189.83848518112,"Western Pacific",7189.83848518112,41.918831309523,"Japan"
"30","22064153B75512617616301",1,18908.8255278248,"Western Pacific",18908.8255278248,42.0063827314446,"Japan"
"31","22064153B79178271585243",1,7911.6088276483,"Western Pacific",7911.6088276483,47.0956819434514,"Japan"
"32","22064153B82042887470941",1,53419.0426381339,"Western Pacific",53419.0426381339,35.2644250684221,"Japan"
"33","22064153B82157551102424",1,3636.95413107049,"Western Pacific",3636.95413107049,46.4872857783373,"Japan"
"34","22064153B87695161266591",1,13072.1753189458,"Western Pacific",13072.1753189458,40.4604441042299,"Japan"
"35","22064153B92754256682750",1,36434.6414281278,"Western Pacific",36434.6414281278,38.4922265691626,"Japan"
"36","2640588B14186532473464",1,307586.743233449,"Western Pacific",307586.743233449,57.0987203293633,"Philippines"
"37","2640588B23864872837062",1,19624.6673333612,"Western Pacific",19624.6673333612,52.5415825420554,"Philippines"
"38","2640588B2684850326122",2,233156.789423591,"Western Pacific",466313.578847182,63.9397224062221,"Philippines"
"39","2640588B33083527354868",1,1387655.55953998,"Western Pacific",1387655.55953998,52.480034017085,"Philippines"
"40","2640588B36229801410553",1,525000.430574618,"Western Pacific",525000.430574618,61.3148669282049,"Philippines"
"41","2640588B49362051778248",1,944981.548809761,"Western Pacific",944981.548809761,46.3879004143069,"Philippines"
"42","2640588B50881283310688",1,838390.922681722,"Western Pacific",838390.922681722,52.6562059723066,"Philippines"
"43","2640588B52568839586340",1,1912971.81864713,"Western Pacific",1912971.81864713,56.8142990402438,"Philippines"
"44","2640588B69436428808540",1,182381.052683315,"Western Pacific",182381.052683315,62.9770359361923,"Philippines"
"45","2640588B82822310999177",1,279335.133512407,"Western Pacific",279335.133512407,48.9143430355961,"Philippines"
"46","2640588B94420346402626",2,234160.353439919,"Western Pacific",468320.706879838,63.7489564295711,"Philippines"
"47","35162164B10462811723711",1,10701.005865683,"Americas",10701.005865683,33.5558914005268,"Jamaica"
"48","35162164B10896570080574",1,1145.97994285282,"Americas",1145.97994285282,63.5120230975479,"Jamaica"
"49","35162164B11517368414750",1,1879.41397591362,"Americas",1879.41397591362,66.4455485387895,"Jamaica"
"50","35162164B13080681802385",1,849.306193378642,"Americas",849.306193378642,66.1438245430665,"Jamaica"
"51","35162164B14186353694037",1,1560.20544162087,"Americas",1560.20544162087,51.4267174391528,"Jamaica"
"52","35162164B1433837472990",1,2634.14205956452,"Americas",2634.14205956452,55.383945429992,"Jamaica"
"53","35162164B15686644794557",1,424.714436780214,"Americas",424.714436780214,55.0473587436172,"Jamaica"
"54","35162164B16484391965954",1,3076.88342116997,"Americas",3076.88342116997,50.5866008217969,"Jamaica"
"55","35162164B1682453304038",1,1670.04371776678,"Americas",1670.04371776678,66.4039976733841,"Jamaica"
"56","35162164B17395603055172",1,2472.02732392575,"Americas",2472.02732392575,46.0482060970308,"Jamaica"
"57","35162164B18081939382744",1,1214.12359348992,"Americas",1214.12359348992,56.9017168128413,"Jamaica"
"58","35162164B19135592413232",1,11329.4450896743,"Americas",11329.4450896743,26.8024146170169,"Jamaica"
"59","35162164B19249083063273",1,13354.9095724593,"Americas",13354.9095724593,33.1372249606981,"Jamaica"
"60","35162164B19864553701402",1,2306.03750454873,"Americas",2306.03750454873,34.3729197166673,"Jamaica"
"61","35162164B20234037216973",1,289.812354598865,"Americas",289.812354598865,29.2973379170425,"Jamaica"
"62","35162164B2046013509646",1,1135.69979244765,"Americas",1135.69979244765,67.9625546395688,"Jamaica"
"63","35162164B20700175666909",1,6406.67146685869,"Americas",6406.67146685869,51.8530255821531,"Jamaica"
"64","35162164B21733796859397",1,5707.30686142214,"Americas",5707.30686142214,47.2909290580652,"Jamaica"
"65","35162164B22116826076314",1,14656.0078370519,"Americas",14656.0078370519,39.5078076936244,"Jamaica"
"66","35162164B22512399474750",1,3400.69642753294,"Americas",3400.69642753294,63.2970219824707,"Jamaica"
"67","35162164B22597873563843",1,8440.97627319582,"Americas",8440.97627319582,34.0261674613795,"Jamaica"
"68","35162164B22687194999862",1,1879.92051680542,"Americas",1879.92051680542,47.1185706901483,"Jamaica"
"69","35162164B23409895494057",1,2175.43677851096,"Americas",2175.43677851096,60.5838916633336,"Jamaica"
"70","35162164B23546425595788",1,2912.98364812892,"Americas",2912.98364812892,45.0316873730387,"Jamaica"
"71","35162164B23827394250317",1,1486.8772131088,"Americas",1486.8772131088,63.365473350579,"Jamaica"
"72","35162164B23982900579398",1,1755.2966990963,"Americas",1755.2966990963,29.8628547808678,"Jamaica"
"73","35162164B2401593792892",1,207.424240643382,"Americas",207.424240643382,17.6627288909849,"Jamaica"
"74","35162164B25229657984831",1,21511.7155510594,"Americas",21511.7155510594,41.4313619200784,"Jamaica"
"75","35162164B25602656335961",1,794.342416758612,"Americas",794.342416758612,57.94599559456,"Jamaica"
"76","35162164B25767436951669",1,1666.9420984995,"Americas",1666.9420984995,51.7943584851254,"Jamaica"
"77","35162164B25826046843734",1,9907.09833259009,"Americas",9907.09833259009,13.807606140771,"Jamaica"
"78","35162164B26726208247039",1,1035.09418706056,"Americas",1035.09418706056,44.7788305572177,"Jamaica"
"79","35162164B26843037379141",1,2226.09672155345,"Americas",2226.09672155345,48.0985657490685,"Jamaica"
"80","35162164B27091090727362",1,4256.55326199312,"Americas",4256.55326199312,54.9232735147843,"Jamaica"
"81","35162164B27449427829131",1,869.390218674541,"Americas",869.390218674541,50.0071380795718,"Jamaica"
"82","35162164B29744490152199",1,823.049843270704,"Americas",823.049843270704,50.36209023491,"Jamaica"
"83","35162164B29805961991353",1,1889.27203854367,"Americas",1889.27203854367,47.5280234637366,"Jamaica"
"84","35162164B30247748644856",1,598.414570879266,"Americas",598.414570879266,41.2129392600723,"Jamaica"
"85","35162164B30968954703154",1,4858.62324799135,"Americas",4858.62324799135,33.1646089236979,"Jamaica"
"86","35162164B31036277734293",1,4498.43431951463,"Americas",4498.43431951463,50.1721517885527,"Jamaica"
"87","35162164B31951026387591",1,1941.76663595196,"Americas",1941.76663595196,64.1706920184153,"Jamaica"
"88","35162164B32476575049647",1,7571.88100816766,"Americas",7571.88100816766,59.2440777560162,"Jamaica"
"89","35162164B32603147707699",1,3207.55092780095,"Americas",3207.55092780095,67.2797859219145,"Jamaica"
"90","35162164B33097387261556",1,3119.52898289561,"Americas",3119.52898289561,39.7891463012976,"Jamaica"
"91","35162164B33282887229490",1,640.090022892952,"Americas",640.090022892952,26.0501743357838,"Jamaica"
"92","35162164B33499420983824",1,1242.12024028597,"Americas",1242.12024028597,54.1120717695239,"Jamaica"
"93","35162164B34108970564975",1,4609.23639762998,"Americas",4609.23639762998,40.8264349710176,"Jamaica"
"94","35162164B34576871564652",1,534.17794004783,"Americas",534.17794004783,70.0918285374641,"Jamaica"
"95","35162164B34799384969485",1,2085.14297478113,"Americas",2085.14297478113,57.665778604683,"Jamaica"
"96","35162164B3499900463051",1,462.071870050412,"Americas",462.071870050412,39.9148944214132,"Jamaica"
"97","35162164B3595633868920",1,365.273523782492,"Americas",365.273523782492,6.12269530090189,"Jamaica"
"98","35162164B35966590555151",1,2086.10361338332,"Americas",2086.10361338332,35.7950059909346,"Jamaica"
"99","35162164B3638695478709",1,3392.75767080572,"Americas",3392.75767080572,61.8659638696908,"Jamaica"
"100","35162164B36782193630345",1,808.227610582747,"Americas",808.227610582747,60.5219228754327,"Jamaica"
"101","35162164B36860764345845",1,1212.8115832331,"Americas",1212.8115832331,33.9266946332135,"Jamaica"
"102","35162164B36890645103450",1,1287.28782099495,"Americas",1287.28782099495,28.4250703761558,"Jamaica"
"103","35162164B37287460765736",1,3267.18696704626,"Americas",3267.18696704626,16.9856816897955,"Jamaica"
"104","35162164B37355742822958",1,1644.40530261736,"Americas",1644.40530261736,60.7637402729841,"Jamaica"
"105","35162164B37480487737261",1,3710.09987328276,"Americas",3710.09987328276,52.7084224418745,"Jamaica"
"106","35162164B38413956233352",1,6159.93215277478,"Americas",6159.93215277478,40.171823736023,"Jamaica"
"107","35162164B39169634152977",1,5128.98956153344,"Americas",5128.98956153344,44.4191655761205,"Jamaica"
"108","35162164B39311117722517",1,1434.98344128877,"Americas",1434.98344128877,55.159046331915,"Jamaica"
"109","35162164B39839791868318",1,423.338807305396,"Americas",423.338807305396,22.5579414817279,"Jamaica"
"110","35162164B4025167017502",1,131.757269815579,"Americas",131.757269815579,23.5341572294188,"Jamaica"
"111","35162164B41289654122948",1,7416.23615426516,"Americas",7416.23615426516,44.4920021708352,"Jamaica"
"112","35162164B41303054294604",1,4117.80047789164,"Americas",4117.80047789164,55.422379875973,"Jamaica"
"113","35162164B42240340469477",1,3032.55757965475,"Americas",3032.55757965475,65.7525971646285,"Jamaica"
"114","35162164B42587299910885",1,9319.88823513821,"Americas",9319.88823513821,43.349864903165,"Jamaica"
"115","35162164B42794382244883",1,7505.63604863852,"Americas",7505.63604863852,34.9339468022425,"Jamaica"
"116","35162164B43001876870642",1,1054.16079329781,"Americas",1054.16079329781,57.7813495226736,"Jamaica"
"117","35162164B43329717977786",1,906.406078451071,"Americas",906.406078451071,39.7326994958537,"Jamaica"
"118","35162164B43359933366516",1,1764.08476913439,"Americas",1764.08476913439,55.2238391284714,"Jamaica"
"119","35162164B4381355814899",1,2712.03705631862,"Americas",2712.03705631862,65.0591544141261,"Jamaica"
"120","35162164B44108052302901",1,6238.37220605806,"Americas",6238.37220605806,33.4896019466075,"Jamaica"
"121","35162164B44132025235652",1,11419.3652246759,"Americas",11419.3652246759,35.7489186958131,"Jamaica"
"122","35162164B45570204479435",1,1859.11380532511,"Americas",1859.11380532511,49.7385775168669,"Jamaica"
"123","35162164B45790961504178",1,811.729655235074,"Americas",811.729655235074,54.9863257429544,"Jamaica"
"124","35162164B46160238611369",1,1533.51134446196,"Americas",1533.51134446196,55.9694288096456,"Jamaica"
"125","35162164B46718052991793",1,737.912795315199,"Americas",737.912795315199,62.2452009403053,"Jamaica"
"126","35162164B4735329384018",1,56.070453029871,"Americas",56.070453029871,5.55165333207807,"Jamaica"
"127","35162164B47977528408812",1,620.571542109959,"Americas",620.571542109959,49.3198344623438,"Jamaica"
"128","35162164B48283661565489",1,1810.35417150579,"Americas",1810.35417150579,40.0300844797923,"Jamaica"
"129","35162164B48871281697567",1,930.814276097789,"Americas",930.814276097789,29.6794774703475,"Jamaica"
"130","35162164B49055104405338",1,575.228928309418,"Americas",575.228928309418,33.4169874127391,"Jamaica"
"131","35162164B49086916119000",1,3586.17240749076,"Americas",3586.17240749076,34.9253020968787,"Jamaica"
"132","35162164B49820869522821",1,237.062281944305,"Americas",237.062281944305,30.0022036657624,"Jamaica"
"133","35162164B50149511982959",1,700.717889238074,"Americas",700.717889238074,53.2349045690658,"Jamaica"
"134","35162164B50213628521675",1,4915.99060818944,"Americas",4915.99060818944,41.4310527808118,"Jamaica"
"135","35162164B5152364964620",1,929.156648339555,"Americas",929.156648339555,51.694805023895,"Jamaica"
"136","35162164B52706250089410",1,2317.44266383067,"Americas",2317.44266383067,25.5043229637084,"Jamaica"
"137","35162164B52838643588694",1,5640.82339841835,"Americas",5640.82339841835,34.6582499234266,"Jamaica"
"138","35162164B53369988821982",1,1397.76650060438,"Americas",1397.76650060438,60.8524229924749,"Jamaica"
"139","35162164B53623755674193",1,5643.00026576381,"Americas",5643.00026576381,61.9361845838267,"Jamaica"
"140","35162164B53729872192207",1,1849.36071574464,"Americas",1849.36071574464,23.2190605662255,"Jamaica"
"141","35162164B53957159908750",1,1985.19166065015,"Americas",1985.19166065015,50.6693719906939,"Jamaica"
"142","35162164B54094305142623",1,413.971666271575,"Americas",413.971666271575,49.453216473737,"Jamaica"
"143","35162164B54306894687431",1,1579.02927215561,"Americas",1579.02927215561,45.6168421955827,"Jamaica"
"144","35162164B5486368161051",1,3020.92694517594,"Americas",3020.92694517594,39.053163005273,"Jamaica"
"145","35162164B55174178620740",1,927.502708470412,"Americas",927.502708470412,61.2910654640606,"Jamaica"
"146","35162164B55508639359232",1,1244.35377517283,"Americas",1244.35377517283,60.8759667163707,"Jamaica"
"147","35162164B55527048225424",1,1061.220741028,"Americas",1061.220741028,21.5562001721239,"Jamaica"
"148","35162164B55570147522340",1,2903.60229562849,"Americas",2903.60229562849,51.0044077836258,"Jamaica"
"149","35162164B55651843175504",1,1005.22138445549,"Americas",1005.22138445549,44.3775692094983,"Jamaica"
"150","35162164B56375608291865",1,4368.08711902581,"Americas",4368.08711902581,58.7742473141766,"Jamaica"
"151","35162164B56395579306206",1,1638.30342130482,"Americas",1638.30342130482,61.2376407380483,"Jamaica"
"152","35162164B56396362384048",1,74467.7985213801,"Americas",74467.7985213801,29.9152648346371,"Jamaica"
"153","35162164B56488122937951",1,4320.70906311035,"Americas",4320.70906311035,17.3871667288136,"Jamaica"
"154","35162164B57140391494677",1,971.611505111568,"Americas",971.611505111568,30.9469997824117,"Jamaica"
"155","35162164B5732093392977",1,1457.26734859932,"Americas",1457.26734859932,60.9677550604179,"Jamaica"
"156","35162164B57515137909984",1,10384.3693108854,"Americas",10384.3693108854,31.1434484917457,"Jamaica"
"157","35162164B5812724327715",1,62343.933807961,"Americas",62343.933807961,28.9294333881882,"Jamaica"
"158","35162164B58929409429796",1,1199.30690013468,"Americas",1199.30690013468,63.4442539122544,"Jamaica"
"159","35162164B60523300331136",1,562.004581299257,"Americas",562.004581299257,53.6808894151819,"Jamaica"
"160","35162164B60572790247888",1,3507.12212337088,"Americas",3507.12212337088,60.2578468055696,"Jamaica"
"161","35162164B60985093963323",1,2702.79535588294,"Americas",2702.79535588294,69.7150006347402,"Jamaica"
"162","35162164B61039198412665",1,598.028495963477,"Americas",598.028495963477,25.0458517178659,"Jamaica"
"163","35162164B62151191241006",1,4152.57303557433,"Americas",4152.57303557433,59.480747453824,"Jamaica"
"164","35162164B62428051071911",1,17504.614751569,"Americas",17504.614751569,26.129457406286,"Jamaica"
"165","35162164B63214843233933",1,1655.24860652525,"Americas",1655.24860652525,54.3647960961066,"Jamaica"
"166","35162164B63932580669884",1,7488.65285583327,"Americas",7488.65285583327,34.4424236579121,"Jamaica"
"167","35162164B63967587387605",1,2438.87186891878,"Americas",2438.87186891878,35.8964408692103,"Jamaica"
"168","35162164B64614498452260",1,500.945032933373,"Americas",500.945032933373,35.4422581614465,"Jamaica"
"169","35162164B64653334099040",1,773.231573077999,"Americas",773.231573077999,35.3951242787814,"Jamaica"
"170","35162164B64881067970982",1,2370.26944360722,"Americas",2370.26944360722,54.2609242583509,"Jamaica"
"171","35162164B65329015071825",1,4370.77505854223,"Americas",4370.77505854223,37.5909490329425,"Jamaica"
"172","35162164B65820653235088",1,920.515125465654,"Americas",920.515125465654,59.1232925073979,"Jamaica"
"173","35162164B66239287050159",1,3625.98452147948,"Americas",3625.98452147948,46.453822462568,"Jamaica"
"174","35162164B67253441607804",1,2723.12790571429,"Americas",2723.12790571429,62.0283054580625,"Jamaica"
"175","35162164B67357398396511",1,12735.0107799202,"Americas",12735.0107799202,31.0080258431549,"Jamaica"
"176","35162164B67895796063130",1,886.92668659674,"Americas",886.92668659674,47.7981049750991,"Jamaica"
"177","35162164B68193657015740",1,1163.66770945467,"Americas",1163.66770945467,54.7984648258992,"Jamaica"
"178","35162164B68266542502187",1,4265.48812169129,"Americas",4265.48812169129,15.7574590803497,"Jamaica"
"179","35162164B68498720914772",1,1138.99898098771,"Americas",1138.99898098771,62.442763339781,"Jamaica"
"180","35162164B68647324713377",1,9440.35597177029,"Americas",9440.35597177029,31.8927377660309,"Jamaica"
"181","35162164B688158722363",1,3278.59828540012,"Americas",3278.59828540012,46.7586141805638,"Jamaica"
"182","35162164B69017338902165",1,800.926773836706,"Americas",800.926773836706,54.8503001011355,"Jamaica"
"183","35162164B70039093596166",1,2027.83898235437,"Americas",2027.83898235437,53.2054777795314,"Jamaica"
"184","35162164B70126533167331",1,3292.010802669,"Americas",3292.010802669,52.1286735973427,"Jamaica"
"185","35162164B70690583888265",1,244.849541787673,"Americas",244.849541787673,10.0224946146008,"Jamaica"
"186","35162164B71180321026887",1,2557.73010288332,"Americas",2557.73010288332,46.6184652176026,"Jamaica"
"187","35162164B7183290362481",1,350.173212792389,"Americas",350.173212792389,16.0693931355299,"Jamaica"
"188","35162164B71943949952285",1,2293.03428768858,"Americas",2293.03428768858,47.6184810098284,"Jamaica"
"189","35162164B71980128159858",1,538.928253892101,"Americas",538.928253892101,55.8688501811068,"Jamaica"
"190","35162164B72746887370475",1,319.619884941187,"Americas",319.619884941187,7.61093518053844,"Jamaica"
"191","35162164B72879195732120",1,2578.52409704894,"Americas",2578.52409704894,54.3553708827003,"Jamaica"
"192","35162164B72968127914093",1,5594.98801650189,"Americas",5594.98801650189,28.326646938851,"Jamaica"
"193","35162164B74045295228727",1,239.853188496754,"Americas",239.853188496754,22.16851543463,"Jamaica"
"194","35162164B74485762582225",1,10.6267083351314,"Americas",10.6267083351314,57.8389179411122,"Jamaica"
"195","35162164B75354004802205",1,897.697155092508,"Americas",897.697155092508,31.1252591306177,"Jamaica"
"196","35162164B75418708729676",1,2780.43172252338,"Americas",2780.43172252338,37.4944264031811,"Jamaica"
"197","35162164B76001906737626",1,18.0657901378348,"Americas",18.0657901378348,0.555934339105534,"Jamaica"
"198","35162164B76764344209894",1,463.989101630189,"Americas",463.989101630189,47.4463248255294,"Jamaica"
"199","35162164B76905261736533",1,3663.84888169363,"Americas",3663.84888169363,46.7951977409661,"Jamaica"
"200","35162164B77975290003350",1,1272.04832205582,"Americas",1272.04832205582,55.1531789940905,"Jamaica"
"201","35162164B78220788438035",1,2802.5720602221,"Americas",2802.5720602221,67.3157544521415,"Jamaica"
"202","35162164B79856958417190",1,6554.02606480889,"Americas",6554.02606480889,44.7690417182554,"Jamaica"
"203","35162164B79871706950018",1,4438.58841541938,"Americas",4438.58841541938,41.8614342132495,"Jamaica"
"204","35162164B79898656875181",1,4844.28156157881,"Americas",4844.28156157881,33.2841081753543,"Jamaica"
"205","35162164B81334638416928",1,4518.55897477772,"Americas",4518.55897477772,58.939351275995,"Jamaica"
"206","35162164B81544331747727",1,3741.93754162099,"Americas",3741.93754162099,68.4624655663327,"Jamaica"
"207","35162164B81808601681355",1,1919.4496123933,"Americas",1919.4496123933,65.8871471665539,"Jamaica"
"208","35162164B81949872862729",1,618.84417051604,"Americas",618.84417051604,44.7722714772555,"Jamaica"
"209","35162164B82075264350235",1,4830.53278256902,"Americas",4830.53278256902,55.6998905771265,"Jamaica"
"210","35162164B82314120989703",1,431.06641448494,"Americas",431.06641448494,22.3924755220087,"Jamaica"
"211","35162164B82503842404748",1,119.488964580446,"Americas",119.488964580446,8.40951401779683,"Jamaica"
"212","35162164B82842507514093",1,1817.84811460916,"Americas",1817.84811460916,50.1027166438998,"Jamaica"
"213","35162164B83544121757555",1,1402.06735437946,"Americas",1402.06735437946,35.8837966087474,"Jamaica"
"214","35162164B84260366908441",1,1105.73127548512,"Americas",1105.73127548512,62.5406885339781,"Jamaica"
"215","35162164B84273758465737",1,231.878054744601,"Americas",231.878054744601,22.884016016018,"Jamaica"
"216","35162164B84385181551937",1,5455.07046390845,"Americas",5455.07046390845,14.9908474110145,"Jamaica"
"217","35162164B84406525891877",1,92.7450231897831,"Americas",92.7450231897831,12.9300239725126,"Jamaica"
"218","35162164B85447112983414",1,12540.7889413467,"Americas",12540.7889413467,31.1303226388742,"Jamaica"
"219","35162164B85716408466784",1,3076.3630639872,"Americas",3076.3630639872,53.0491749731578,"Jamaica"
"220","35162164B86222512228272",1,951.36561383009,"Americas",951.36561383009,36.1976770638321,"Jamaica"
"221","35162164B86683666691782",1,772.256785202808,"Americas",772.256785202808,56.4758916618557,"Jamaica"
"222","35162164B86902015023409",1,316.977232075036,"Americas",316.977232075036,34.8582117111726,"Jamaica"
"223","35162164B87426615399239",1,511.099769910276,"Americas",511.099769910276,30.588656312483,"Jamaica"
"224","35162164B87505352772757",1,675.493723097555,"Americas",675.493723097555,47.8168510503773,"Jamaica"
"225","35162164B88130973565417",1,1317.15951789383,"Americas",1317.15951789383,50.4872618639722,"Jamaica"
"226","35162164B88480680408023",1,2977.11442196235,"Americas",2977.11442196235,12.4925701325797,"Jamaica"
"227","35162164B89182870898706",1,2751.47964150148,"Americas",2751.47964150148,60.2003154787976,"Jamaica"
"228","35162164B89920990843468",1,983.291816684306,"Americas",983.291816684306,56.5813184117441,"Jamaica"
"229","35162164B90496375174706",1,832.713067907319,"Americas",832.713067907319,24.159246874028,"Jamaica"
"230","35162164B90801381088985",1,3548.30092217013,"Americas",3548.30092217013,44.0815515054839,"Jamaica"
"231","35162164B91042411005085",1,869.101254237778,"Americas",869.101254237778,41.9395923992167,"Jamaica"
"232","35162164B92247679350017",1,1977.70011056151,"Americas",1977.70011056151,35.2816238611085,"Jamaica"
"233","35162164B93275351105411",1,446.028308887929,"Americas",446.028308887929,44.2285045487808,"Jamaica"
"234","35162164B94885023749257",1,2632.64060444701,"Americas",2632.64060444701,25.4802002570336,"Jamaica"
"235","35162164B95182825999511",1,766.327592026777,"Americas",766.327592026777,52.3908272543715,"Jamaica"
"236","35162164B95336658593472",1,1286.4588791135,"Americas",1286.4588791135,26.3827403872801,"Jamaica"
"237","35162164B95338494684554",1,1989.08037752807,"Americas",1989.08037752807,32.4941461021068,"Jamaica"
"238","35162164B95822393911903",1,777.758464976624,"Americas",777.758464976624,40.7732111358667,"Jamaica"
"239","35162164B95972022762023",1,13386.0713535273,"Americas",13386.0713535273,47.405901137714,"Jamaica"
"240","35162164B96342745207455",1,95.6477130749822,"Americas",95.6477130749822,3.38137067327253,"Jamaica"
"241","35162164B96583511443133",1,1159.54802936677,"Americas",1159.54802936677,61.9455701490266,"Jamaica"
"242","35162164B96970037909745",1,8037.13268313352,"Americas",8037.13268313352,49.5057428308209,"Jamaica"
"243","35162164B97452353995756",1,2303.18944181755,"Americas",2303.18944181755,59.1046815872587,"Jamaica"
"244","35162164B97516507779443",1,2079.53248237349,"Americas",2079.53248237349,50.7752596544275,"Jamaica"
"245","35162164B97601190647681",1,1105.76029026648,"Americas",1105.76029026648,52.8008032963479,"Jamaica"
"246","35162164B99205050964205",1,441.902051241547,"Americas",441.902051241547,58.3232670493035,"Jamaica"
"247","50627088B12095165689012",1,31531.3011660489,"Americas",31531.3011660489,52.605719418051,"Mexico"
"248","50627088B14293404548968",1,256790.096074853,"Americas",256790.096074853,19.2645592341894,"Mexico"
"249","50627088B147152783463",1,51308.8139170165,"Americas",51308.8139170165,31.6812480652773,"Mexico"
"250","50627088B15392276223600",1,52083.2474421677,"Americas",52083.2474421677,56.8755210419545,"Mexico"
"251","50627088B16225885503466",1,4856.41331189498,"Americas",4856.41331189498,55.8551005502729,"Mexico"
"252","50627088B1685589835575",1,3850.44823524926,"Americas",3850.44823524926,55.3555402152714,"Mexico"
"253","50627088B19629069707009",1,921.402033299829,"Americas",921.402033299829,30.4256342750292,"Mexico"
"254","50627088B24932390354910",1,17650.4679368237,"Americas",17650.4679368237,58.2774597580846,"Mexico"
"255","50627088B28272611145429",1,59535.923870896,"Americas",59535.923870896,52.0886038353429,"Mexico"
"256","50627088B36255961277224",1,19151.8438525588,"Americas",19151.8438525588,57.4060087493682,"Mexico"
"257","50627088B39502815405022",1,2775.03167972773,"Americas",2775.03167972773,51.7592503640177,"Mexico"
"258","50627088B39564204032097",1,49213.8181165869,"Americas",49213.8181165869,57.9655754277561,"Mexico"
"259","50627088B45724771957529",1,11216.926940294,"Americas",11216.926940294,56.6441197754551,"Mexico"
"260","50627088B48919250536034",1,1375.8716340387,"Americas",1375.8716340387,49.9156655391525,"Mexico"
"261","50627088B58610897814329",1,41374.4313136205,"Americas",41374.4313136205,60.1278386471318,"Mexico"
"262","50627088B62824552173050",1,12142.8728717881,"Americas",12142.8728717881,54.4549030528808,"Mexico"
"263","50627088B65029652077397",1,18363.7720622306,"Americas",18363.7720622306,51.2179980932281,"Mexico"
"264","50627088B65715606255874",1,40797.5411189333,"Americas",40797.5411189333,68.7534904932445,"Mexico"
"265","50627088B71737846515518",1,3940.76637740381,"Americas",3940.76637740381,48.217935448283,"Mexico"
"266","50627088B73039114437677",1,3379.05821840111,"Americas",3379.05821840111,57.6614415499405,"Mexico"
"267","50627088B73077765096958",1,1770.64861328457,"Americas",1770.64861328457,56.6788510156833,"Mexico"
"268","50627088B79233583938817",1,103682.120188871,"Americas",103682.120188871,22.9061505980006,"Mexico"
"269","50627088B81925526964077",1,12758.5449342975,"Americas",12758.5449342975,48.2816448051253,"Mexico"
"270","50627088B8241374845255",1,40763.4665805917,"Americas",40763.4665805917,52.1040617111072,"Mexico"
"271","50627088B83816556516",1,9762.55788865607,"Americas",9762.55788865607,57.3613391004454,"Mexico"
"272","50627088B84369404768705",1,1139.47609227031,"Americas",1139.47609227031,59.6421665598693,"Mexico"
"273","50627088B84554678203253",1,75852.0966790613,"Americas",75852.0966790613,52.535563889252,"Mexico"
"274","50627088B85628138735153",1,29205.0908129557,"Americas",29205.0908129557,48.029293204171,"Mexico"
"275","50627088B86560413355092",1,17552.0325923141,"Americas",17552.0325923141,41.0338565889121,"Mexico"
"276","50627088B87569802470546",1,77923.9734745587,"Americas",77923.9734745587,61.8540480472583,"Mexico"
"277","50627088B89189510958197",1,23803.0181877727,"Americas",23803.0181877727,52.8143644365901,"Mexico"
"278","50627088B89843068192047",1,44374.338339114,"Americas",44374.338339114,26.0569958309815,"Mexico"
"279","50627088B94686315759105",1,12438.0191658933,"Americas",12438.0191658933,68.4147700302096,"Mexico"
"280","52423323B17696390858849",1,14957.3775725783,"Americas",14957.3775725783,47.3077742680748,"United States of America"
"281","52423323B18014802865122",1,104125.259509983,"Americas",104125.259509983,27.1516690376621,"United States of America"
"282","52423323B23187437311114",1,17278.5813167201,"Americas",17278.5813167201,51.0468191299407,"United States of America"
"283","52423323B24042566063234",1,19616.0533137989,"Americas",19616.0533137989,47.831289771877,"United States of America"
"284","52423323B24171754221857",1,19475.9430043345,"Americas",19475.9430043345,51.7533838234776,"United States of America"
"285","52423323B24465829142626",1,10536.9860908168,"Americas",10536.9860908168,47.3654751453523,"United States of America"
"286","52423323B28004932041096",1,38782.043447557,"Americas",38782.043447557,37.0681111033302,"United States of America"
"287","52423323B30388068130066",1,3797.74580652264,"Americas",3797.74580652264,52.1300169662572,"United States of America"
"288","52423323B35059140048006",1,427145.21322569,"Americas",427145.21322569,19.4683469201744,"United States of America"
"289","52423323B35187147605368",1,20986.9744576669,"Americas",20986.9744576669,47.9852486888385,"United States of America"
"290","52423323B35502407860174",1,47236.0762443375,"Americas",47236.0762443375,50.2915909206631,"United States of America"
"291","52423323B36093874947415",1,93140.6830015266,"Americas",93140.6830015266,28.5431574634442,"United States of America"
"292","52423323B36790328551153",1,30681.2735428422,"Americas",30681.2735428422,36.0139443567951,"United States of America"
"293","52423323B3691200212151",1,10357.6149823695,"Americas",10357.6149823695,48.698921469273,"United States of America"
"294","52423323B39160011861592",1,176818.233272985,"Americas",176818.233272985,18.9972465743924,"United States of America"
"295","52423323B41586767659607",1,6540.40240710172,"Americas",6540.40240710172,44.3991025993164,"United States of America"
"296","52423323B44157144266829",1,35860.7502329016,"Americas",35860.7502329016,46.6776087813414,"United States of America"
"297","52423323B48942229676406",1,964151.287066063,"Americas",964151.287066063,20.4651847641827,"United States of America"
"298","52423323B50185112630259",1,38915.6684500133,"Americas",38915.6684500133,36.7568572369995,"United States of America"
"299","52423323B51460600730955",1,706354.56866477,"Americas",706354.56866477,25.7734300691394,"United States of America"
"300","52423323B52740470378798",1,17159.7690890578,"Americas",17159.7690890578,45.0323409775347,"United States of America"
"301","52423323B57520474770079",1,17780.9079416405,"Americas",17780.9079416405,45.0368807684445,"United States of America"
"302","52423323B5794774245983",1,16682.4151460353,"Americas",16682.4151460353,45.8291565420624,"United States of America"
"303","52423323B58777265344291",1,25679.0677170234,"Americas",25679.0677170234,38.8043876341653,"United States of America"
"304","52423323B60501572550321",1,43265.0749983636,"Americas",43265.0749983636,39.8772423570745,"United States of America"
"305","52423323B61850216097396",1,313047.762560642,"Americas",313047.762560642,28.825488884325,"United States of America"
"306","52423323B63822520478885",1,15249.938296857,"Americas",15249.938296857,49.0972562929068,"United States of America"
"307","52423323B74651487208839",1,1454914.08539666,"Americas",1454914.08539666,20.7843524399231,"United States of America"
"308","52423323B74845935741438",1,42370.8276956755,"Americas",42370.8276956755,43.4090105909563,"United States of America"
"309","52423323B75387394783245",1,7634.94310091501,"Americas",7634.94310091501,50.9136326879816,"United States of America"
"310","52423323B77931792505034",1,34649.3193454005,"Americas",34649.3193454005,31.6553592845815,"United States of America"
"311","52423323B82500281635270",1,50132.9005558094,"Americas",50132.9005558094,31.291068908397,"United States of America"
"312","52423323B8273444603527",1,8427.39785494102,"Americas",8427.39785494102,49.037488548809,"United States of America"
"313","52423323B90608613064350",1,112081.824366847,"Americas",112081.824366847,34.4207978354941,"United States of America"
"314","52423323B9469904891992",1,363816.236858476,"Americas",363816.236858476,19.8244087321124,"United States of America"
"315","52423323B96529923169881",2,18903.7302168064,"Americas",37807.4604336128,51.2663791102059,"United States of America"
"316","52511910B10215199478646",1,43144.7332852934,"Western Pacific",43144.7332852934,39.4221356986565,"Taiwan, Province of China"
"317","52511910B10855589670933",1,26636.7950844364,"Western Pacific",26636.7950844364,25.9394987689132,"Taiwan, Province of China"
"318","52511910B1114695065436",1,239332.051054763,"Western Pacific",239332.051054763,12.6534218404887,"Taiwan, Province of China"
"319","52511910B11437294536827",1,104970.87700519,"Western Pacific",104970.87700519,12.181661839992,"Taiwan, Province of China"
"320","52511910B1170609292065",1,23386.1523693213,"Western Pacific",23386.1523693213,26.9978622761454,"Taiwan, Province of China"
"321","52511910B12166681712059",1,6437.05888136575,"Western Pacific",6437.05888136575,25.1842780945349,"Taiwan, Province of China"
"322","52511910B12217989868885",1,24618.0585013923,"Western Pacific",24618.0585013923,27.6957282148935,"Taiwan, Province of China"
"323","52511910B12239492719020",1,21702.2066224542,"Western Pacific",21702.2066224542,16.6982161953583,"Taiwan, Province of China"
"324","52511910B1281835166424",1,3929.69219096295,"Western Pacific",3929.69219096295,47.9836569577499,"Taiwan, Province of China"
"325","52511910B1289591480139",1,8378.15529949583,"Western Pacific",8378.15529949583,22.2357242420742,"Taiwan, Province of China"
"326","52511910B1345857498627",1,2353.28094675887,"Western Pacific",2353.28094675887,49.4196321302197,"Taiwan, Province of China"
"327","52511910B1376149917055",1,20617.6694553516,"Western Pacific",20617.6694553516,19.1607919749505,"Taiwan, Province of China"
"328","52511910B14295991899678",1,28245.7832011037,"Western Pacific",28245.7832011037,9.48432256556021,"Taiwan, Province of China"
"329","52511910B1429973809191",1,13744.343174892,"Western Pacific",13744.343174892,14.9981365437902,"Taiwan, Province of China"
"330","52511910B1435450581762",1,3261.86746420309,"Western Pacific",3261.86746420309,42.213039236786,"Taiwan, Province of China"
"331","52511910B14571669428725",1,6959.06027365675,"Western Pacific",6959.06027365675,44.3165604580019,"Taiwan, Province of China"
"332","52511910B14816404731270",1,82116.1417503153,"Western Pacific",82116.1417503153,11.0981961268198,"Taiwan, Province of China"
"333","52511910B15112316927565",1,33497.5108559611,"Western Pacific",33497.5108559611,25.9543270492153,"Taiwan, Province of China"
"334","52511910B15727969780764",1,71231.2983571764,"Western Pacific",71231.2983571764,9.88566247299474,"Taiwan, Province of China"
"335","52511910B16992601244944",1,83437.8837958165,"Western Pacific",83437.8837958165,25.4668131830798,"Taiwan, Province of China"
"336","52511910B1724778943765",1,6516.02072502866,"Western Pacific",6516.02072502866,37.8814693001168,"Taiwan, Province of China"
"337","52511910B17390178466990",2,8186.97758718865,"Western Pacific",16373.9551743773,32.3207836328967,"Taiwan, Province of China"
"338","52511910B17490321584859",1,162758.515438244,"Western Pacific",162758.515438244,8.8280723508855,"Taiwan, Province of China"
"339","52511910B17517272780410",1,285535.864994486,"Western Pacific",285535.864994486,9.24427551322519,"Taiwan, Province of China"
"340","52511910B17799667237096",1,8656.57184104477,"Western Pacific",8656.57184104477,20.1709067526438,"Taiwan, Province of China"
"341","52511910B1854707671717",1,194537.199017676,"Western Pacific",194537.199017676,14.372098052134,"Taiwan, Province of China"
"342","52511910B19191805182315",1,141222.579373075,"Western Pacific",141222.579373075,9.66313928658866,"Taiwan, Province of China"
"343","52511910B19586040436612",1,11866.361222592,"Western Pacific",11866.361222592,24.0655195152225,"Taiwan, Province of China"
"344","52511910B2005519933546",1,40871.8291302249,"Western Pacific",40871.8291302249,10.7079108389949,"Taiwan, Province of China"
"345","52511910B2055603825455",1,87636.9299246284,"Western Pacific",87636.9299246284,11.0346117032148,"Taiwan, Province of China"
"346","52511910B21046020325533",1,14454.4479822633,"Western Pacific",14454.4479822633,23.4815906934867,"Taiwan, Province of China"
"347","52511910B21407702399528",1,691749.489418875,"Western Pacific",691749.489418875,21.5075492724702,"Taiwan, Province of China"
"348","52511910B21548483035565",1,8568.49364056507,"Western Pacific",8568.49364056507,16.122239984937,"Taiwan, Province of China"
"349","52511910B21980317252116",1,3032.37637984423,"Western Pacific",3032.37637984423,50.6045621013791,"Taiwan, Province of China"
"350","52511910B22102802824180",1,15167.1691407176,"Western Pacific",15167.1691407176,30.3937533967339,"Taiwan, Province of China"
"351","52511910B22297779295169",1,21147.8803662401,"Western Pacific",21147.8803662401,35.4043746766527,"Taiwan, Province of China"
"352","52511910B22417450396653",2,8625.00219309319,"Western Pacific",17250.0043861864,28.7026496219285,"Taiwan, Province of China"
"353","52511910B23437445078556",1,87478.7293889158,"Western Pacific",87478.7293889158,14.6177098848454,"Taiwan, Province of China"
"354","52511910B24217315836254",1,19928.2716714962,"Western Pacific",19928.2716714962,9.47062739047008,"Taiwan, Province of China"
"355","52511910B2433100174245",1,86911.14314653,"Western Pacific",86911.14314653,16.388772666293,"Taiwan, Province of China"
"356","52511910B24338772487994",1,8261.19053313753,"Western Pacific",8261.19053313753,33.5153763473003,"Taiwan, Province of China"
"357","52511910B24462040337349",1,37224.9504702665,"Western Pacific",37224.9504702665,8.9514306089712,"Taiwan, Province of China"
"358","52511910B24789968471650",1,370295.247088469,"Western Pacific",370295.247088469,24.376172383889,"Taiwan, Province of China"
"359","52511910B24890266463781",1,98888.8363087845,"Western Pacific",98888.8363087845,11.3094170670248,"Taiwan, Province of China"
"360","52511910B24911018318465",1,74676.7672037081,"Western Pacific",74676.7672037081,9.42108071629526,"Taiwan, Province of China"
"361","52511910B26024129556324",1,97284.535965786,"Western Pacific",97284.535965786,20.9073536688256,"Taiwan, Province of China"
"362","52511910B26321075911025",1,114993.743795544,"Western Pacific",114993.743795544,11.8229621632274,"Taiwan, Province of China"
"363","52511910B26426295483490",1,33537.1095869441,"Western Pacific",33537.1095869441,17.6831065574521,"Taiwan, Province of China"
"364","52511910B26440140856632",1,89135.8444475986,"Western Pacific",89135.8444475986,16.8231226200324,"Taiwan, Province of China"
"365","52511910B26517515062770",1,29100.1988450116,"Western Pacific",29100.1988450116,31.2351437487994,"Taiwan, Province of China"
"366","52511910B26605642536320",1,14910.6253521465,"Western Pacific",14910.6253521465,25.9432275696281,"Taiwan, Province of China"
"367","52511910B27389223998758",1,116153.799206178,"Western Pacific",116153.799206178,13.372445140919,"Taiwan, Province of China"
"368","52511910B27691000187918",1,127970.688701882,"Western Pacific",127970.688701882,9.88507369293066,"Taiwan, Province of China"
"369","52511910B27876515321702",1,61937.9397215747,"Western Pacific",61937.9397215747,10.3821438385462,"Taiwan, Province of China"
"370","52511910B28036042271757",1,186398.126101694,"Western Pacific",186398.126101694,19.2713523752696,"Taiwan, Province of China"
"371","52511910B28406755893597",2,6466.71220721254,"Western Pacific",12933.4244144251,39.082128573011,"Taiwan, Province of China"
"372","52511910B28710323112279",1,8214.85293731824,"Western Pacific",8214.85293731824,42.6873658242264,"Taiwan, Province of China"
"373","52511910B29325635095698",1,384181.131187666,"Western Pacific",384181.131187666,22.8689544961213,"Taiwan, Province of China"
"374","52511910B30709967967550",1,105798.2509335,"Western Pacific",105798.2509335,17.3173010145852,"Taiwan, Province of China"
"375","52511910B30774246387934",1,21708.2837010083,"Western Pacific",21708.2837010083,21.443727018895,"Taiwan, Province of China"
"376","52511910B30880402907345",1,40987.8729337529,"Western Pacific",40987.8729337529,16.631901882772,"Taiwan, Province of China"
"377","52511910B3088598520620",1,39992.3208932083,"Western Pacific",39992.3208932083,13.8484560907903,"Taiwan, Province of China"
"378","52511910B3092467574862",1,37874.9910037474,"Western Pacific",37874.9910037474,7.97369838034411,"Taiwan, Province of China"
"379","52511910B30977236715140",1,112617.427380099,"Western Pacific",112617.427380099,8.29230836097998,"Taiwan, Province of China"
"380","52511910B31268860247424",1,125700.365904651,"Western Pacific",125700.365904651,14.0664037987714,"Taiwan, Province of China"
"381","52511910B31717620625581",1,20882.8330568762,"Western Pacific",20882.8330568762,17.7697600679119,"Taiwan, Province of China"
"382","52511910B3173449865557",1,21969.0963168878,"Western Pacific",21969.0963168878,27.4518151566902,"Taiwan, Province of China"
"383","52511910B33100646615087",1,59960.4948360655,"Western Pacific",59960.4948360655,15.4730662731004,"Taiwan, Province of China"
"384","52511910B33929030594907",1,92063.8835987832,"Western Pacific",92063.8835987832,10.2718465211265,"Taiwan, Province of China"
"385","52511910B34768840903386",1,74776.564847285,"Western Pacific",74776.564847285,15.6464485933779,"Taiwan, Province of China"
"386","52511910B35262105049161",1,41490.9448113564,"Western Pacific",41490.9448113564,20.7216664679786,"Taiwan, Province of China"
"387","52511910B3549258104854",1,16471.5501994556,"Western Pacific",16471.5501994556,18.2746093853311,"Taiwan, Province of China"
"388","52511910B36399926613491",1,402794.25083731,"Western Pacific",402794.25083731,22.7302892222932,"Taiwan, Province of China"
"389","52511910B37647459697968",1,30924.6120282065,"Western Pacific",30924.6120282065,10.0366690421519,"Taiwan, Province of China"
"390","52511910B37723179298847",1,7373.74004485311,"Western Pacific",7373.74004485311,33.5314999395153,"Taiwan, Province of China"
"391","52511910B38320737099141",1,7912.51641764997,"Western Pacific",7912.51641764997,46.6632184659921,"Taiwan, Province of China"
"392","52511910B39021201460320",1,105245.360576413,"Western Pacific",105245.360576413,23.7305170289841,"Taiwan, Province of China"
"393","52511910B398222474379",1,2254.9374010678,"Western Pacific",2254.9374010678,24.2921054056469,"Taiwan, Province of China"
"394","52511910B3988585053627",1,1175.38335483122,"Western Pacific",1175.38335483122,36.6892684360106,"Taiwan, Province of China"
"395","52511910B39925062868722",1,27107.4906270862,"Western Pacific",27107.4906270862,26.8868023818005,"Taiwan, Province of China"
"396","52511910B4018321552262",1,20348.1032277669,"Western Pacific",20348.1032277669,10.5896460130139,"Taiwan, Province of China"
"397","52511910B4023851996912",1,10743.6083680121,"Western Pacific",10743.6083680121,49.3183664334041,"Taiwan, Province of China"
"398","52511910B40379944508344",1,15056.8206687791,"Western Pacific",15056.8206687791,27.8962500381941,"Taiwan, Province of China"
"399","52511910B40704082736400",1,219769.907107956,"Western Pacific",219769.907107956,26.0075429458584,"Taiwan, Province of China"
"400","52511910B40762326804108",1,13404.4788504197,"Western Pacific",13404.4788504197,20.0577977543318,"Taiwan, Province of China"
"401","52511910B40907976300093",1,117297.395895598,"Western Pacific",117297.395895598,22.836094560314,"Taiwan, Province of China"
"402","52511910B40932238962124",1,1746.05241542073,"Western Pacific",1746.05241542073,46.1485570623971,"Taiwan, Province of China"
"403","52511910B41832053670190",1,98600.3410544577,"Western Pacific",98600.3410544577,24.5456901461188,"Taiwan, Province of China"
"404","52511910B41918855057041",1,40133.5713601892,"Western Pacific",40133.5713601892,20.6992783626147,"Taiwan, Province of China"
"405","52511910B42807411813200",1,9762.89121998005,"Western Pacific",9762.89121998005,49.4393605645308,"Taiwan, Province of China"
"406","52511910B43288181316884",1,51546.3261186065,"Western Pacific",51546.3261186065,13.8250094527048,"Taiwan, Province of China"
"407","52511910B43880613502989",2,23295.5058123965,"Western Pacific",46591.011624793,27.8121474220233,"Taiwan, Province of China"
"408","52511910B45111644423638",1,244907.595173127,"Western Pacific",244907.595173127,10.2139598068806,"Taiwan, Province of China"
"409","52511910B45758904415578",1,43092.4664512089,"Western Pacific",43092.4664512089,19.0023399870821,"Taiwan, Province of China"
"410","52511910B46327040282414",1,169785.669458731,"Western Pacific",169785.669458731,25.6922969211113,"Taiwan, Province of China"
"411","52511910B46580896438278",1,18280.3117974305,"Western Pacific",18280.3117974305,24.5360482971151,"Taiwan, Province of China"
"412","52511910B47117449404442",1,16395.0556614474,"Western Pacific",16395.0556614474,31.985213344811,"Taiwan, Province of China"
"413","52511910B47715712995546",1,198728.995079267,"Western Pacific",198728.995079267,23.4649845925778,"Taiwan, Province of China"
"414","52511910B4802898208422",1,21063.9621895951,"Western Pacific",21063.9621895951,9.32495193405926,"Taiwan, Province of China"
"415","52511910B48556697809502",1,42413.2857836448,"Western Pacific",42413.2857836448,25.5888779305583,"Taiwan, Province of China"
"416","52511910B48822656668811",1,5905.45304939108,"Western Pacific",5905.45304939108,41.8050012822889,"Taiwan, Province of China"
"417","52511910B49041277824691",1,3124.65091946483,"Western Pacific",3124.65091946483,31.8617363309644,"Taiwan, Province of China"
"418","52511910B49246730473855",1,49819.2731508207,"Western Pacific",49819.2731508207,20.2812109117578,"Taiwan, Province of China"
"419","52511910B49284203349487",1,22228.8330388675,"Western Pacific",22228.8330388675,12.4192277548331,"Taiwan, Province of China"
"420","52511910B49336497562900",1,152957.859305813,"Western Pacific",152957.859305813,29.707406249561,"Taiwan, Province of China"
"421","52511910B49397347460294",1,18137.80036166,"Western Pacific",18137.80036166,28.3657635683536,"Taiwan, Province of China"
"422","52511910B4946947315760",1,85309.3231509048,"Western Pacific",85309.3231509048,10.3565132174964,"Taiwan, Province of China"
"423","52511910B49492134849249",1,71267.7366176997,"Western Pacific",71267.7366176997,9.75313745848079,"Taiwan, Province of China"
"424","52511910B49637011657057",1,43140.7521252982,"Western Pacific",43140.7521252982,10.2687207732813,"Taiwan, Province of China"
"425","52511910B4969786063416",2,9711.49449176693,"Western Pacific",19422.9889835339,25.0606735883177,"Taiwan, Province of China"
"426","52511910B50474008293669",1,304814.701346257,"Western Pacific",304814.701346257,19.3742795714666,"Taiwan, Province of China"
"427","52511910B50770239456778",1,44633.8941865464,"Western Pacific",44633.8941865464,9.52435083509163,"Taiwan, Province of China"
"428","52511910B52167757698823",1,25463.1323022925,"Western Pacific",25463.1323022925,20.2236108715517,"Taiwan, Province of China"
"429","52511910B52234359951443",1,42662.9778272682,"Western Pacific",42662.9778272682,9.5843946521937,"Taiwan, Province of China"
"430","52511910B52477730632252",1,19380.169574622,"Western Pacific",19380.169574622,34.4307916169613,"Taiwan, Province of China"
"431","52511910B53055897182204",1,13025.2380235598,"Western Pacific",13025.2380235598,10.6690940271921,"Taiwan, Province of China"
"432","52511910B53218930904512",1,5063.29807540314,"Western Pacific",5063.29807540314,31.1962343302979,"Taiwan, Province of China"
"433","52511910B53442502489936",1,176511.025426194,"Western Pacific",176511.025426194,26.2186657618823,"Taiwan, Province of China"
"434","52511910B54429610497624",1,158980.197078357,"Western Pacific",158980.197078357,8.26961549845076,"Taiwan, Province of China"
"435","52511910B54544949915679",1,93139.3070113055,"Western Pacific",93139.3070113055,13.9234239680876,"Taiwan, Province of China"
"436","52511910B54921877123299",1,25505.016959437,"Western Pacific",25505.016959437,24.0567327914468,"Taiwan, Province of China"
"437","52511910B55503333028627",1,25277.8211468971,"Western Pacific",25277.8211468971,25.3858966476338,"Taiwan, Province of China"
"438","52511910B55567443002533",1,5812.54332796194,"Western Pacific",5812.54332796194,34.2992885798325,"Taiwan, Province of China"
"439","52511910B55591891530874",1,8964.08976946812,"Western Pacific",8964.08976946812,24.3696767501587,"Taiwan, Province of China"
"440","52511910B56209015841977",1,142211.803873345,"Western Pacific",142211.803873345,8.62212062425828,"Taiwan, Province of China"
"441","52511910B56958480946992",1,70392.8709666836,"Western Pacific",70392.8709666836,10.3013011278447,"Taiwan, Province of China"
"442","52511910B57035161982504",1,200559.908480166,"Western Pacific",200559.908480166,22.2145784435035,"Taiwan, Province of China"
"443","52511910B57239711193520",1,64083.2448581347,"Western Pacific",64083.2448581347,17.3125501026788,"Taiwan, Province of China"
"444","52511910B57344020400583",1,334754.541605308,"Western Pacific",334754.541605308,28.7447859220621,"Taiwan, Province of China"
"445","52511910B58011485138839",1,4073.25203312278,"Western Pacific",4073.25203312278,29.649727206304,"Taiwan, Province of China"
"446","52511910B5845387986633",1,8279.82958406925,"Western Pacific",8279.82958406925,1.23463042721628,"Taiwan, Province of China"
"447","52511910B58943778362560",1,12003.5138695869,"Western Pacific",12003.5138695869,25.2757204052217,"Taiwan, Province of China"
"448","52511910B59176200579981",1,19889.6815115859,"Western Pacific",19889.6815115859,14.8213249496482,"Taiwan, Province of China"
"449","52511910B59203276225690",1,5004.34107245635,"Western Pacific",5004.34107245635,30.4155651635012,"Taiwan, Province of China"
"450","52511910B59360103371589",1,7786.32866726509,"Western Pacific",7786.32866726509,23.1610622271282,"Taiwan, Province of China"
"451","52511910B59553354826271",1,8744.79738506977,"Western Pacific",8744.79738506977,23.6753284717903,"Taiwan, Province of China"
"452","52511910B59824272814460",1,60565.9357136206,"Western Pacific",60565.9357136206,11.6893253122076,"Taiwan, Province of China"
"453","52511910B60061263127196",1,22585.9360197503,"Western Pacific",22585.9360197503,21.4779868427306,"Taiwan, Province of China"
"454","52511910B60889717547120",1,207589.289233399,"Western Pacific",207589.289233399,22.6779375080493,"Taiwan, Province of China"
"455","52511910B61192023784720",1,12373.9874259783,"Western Pacific",12373.9874259783,26.2078845709615,"Taiwan, Province of China"
"456","52511910B61439489120441",1,62498.2415499217,"Western Pacific",62498.2415499217,16.6955905410747,"Taiwan, Province of China"
"457","52511910B6162382764157",1,315110.426484366,"Western Pacific",315110.426484366,19.835508883091,"Taiwan, Province of China"
"458","52511910B61676244874246",1,16434.2712204747,"Western Pacific",16434.2712204747,22.2351891987558,"Taiwan, Province of China"
"459","52511910B61790844495814",1,19690.7485868568,"Western Pacific",19690.7485868568,24.84685131967,"Taiwan, Province of China"
"460","52511910B62556379472396",1,7251.07512683314,"Western Pacific",7251.07512683314,39.4495973571027,"Taiwan, Province of China"
"461","52511910B62562257240113",1,124458.996309938,"Western Pacific",124458.996309938,9.87918410631844,"Taiwan, Province of China"
"462","52511910B62922031863482",1,6735.80210829736,"Western Pacific",6735.80210829736,40.6670123472388,"Taiwan, Province of China"
"463","52511910B63167976390159",1,18601.0216083799,"Western Pacific",18601.0216083799,12.0075998037026,"Taiwan, Province of China"
"464","52511910B63672424305930",1,17731.0920903904,"Western Pacific",17731.0920903904,23.7957152311331,"Taiwan, Province of China"
"465","52511910B6389603869041",1,558411.688063642,"Western Pacific",558411.688063642,19.9261856107825,"Taiwan, Province of China"
"466","52511910B648094459248",1,45716.9876421982,"Western Pacific",45716.9876421982,14.1896597479378,"Taiwan, Province of China"
"467","52511910B65003852157868",1,11677.8463793542,"Western Pacific",11677.8463793542,16.0142683425924,"Taiwan, Province of China"
"468","52511910B65736953470193",1,12917.0272365771,"Western Pacific",12917.0272365771,50.3432097054206,"Taiwan, Province of China"
"469","52511910B66300742055958",1,8918.84585570196,"Western Pacific",8918.84585570196,28.6629422144246,"Taiwan, Province of China"
"470","52511910B66393591343605",1,22657.0417904744,"Western Pacific",22657.0417904744,19.9644060170838,"Taiwan, Province of China"
"471","52511910B66525116512935",1,26359.635991338,"Western Pacific",26359.635991338,11.474001158999,"Taiwan, Province of China"
"472","52511910B66692058551395",1,64287.0890874556,"Western Pacific",64287.0890874556,11.9801413691256,"Taiwan, Province of China"
"473","52511910B67044835484249",1,28139.475298549,"Western Pacific",28139.475298549,20.3384315734218,"Taiwan, Province of China"
"474","52511910B67072521171420",2,3554.99576189041,"Western Pacific",7109.99152378082,36.3402774308567,"Taiwan, Province of China"
"475","52511910B67244265985329",1,36429.795659512,"Western Pacific",36429.795659512,14.9786388610162,"Taiwan, Province of China"
"476","52511910B67569609565838",1,81862.3729887616,"Western Pacific",81862.3729887616,21.4657708440099,"Taiwan, Province of China"
"477","52511910B67622492960002",1,22452.4637655963,"Western Pacific",22452.4637655963,11.5437333082095,"Taiwan, Province of China"
"478","52511910B68145786967648",1,72319.3055711272,"Western Pacific",72319.3055711272,12.3274891865492,"Taiwan, Province of China"
"479","52511910B68305869820707",1,35398.4632435082,"Western Pacific",35398.4632435082,9.90979932344515,"Taiwan, Province of China"
"480","52511910B68505135665197",1,458224.119690902,"Western Pacific",458224.119690902,14.1237772168402,"Taiwan, Province of China"
"481","52511910B68559401871490",1,155936.62600384,"Western Pacific",155936.62600384,27.0853866182644,"Taiwan, Province of China"
"482","52511910B68602378722707",1,85618.2484462457,"Western Pacific",85618.2484462457,14.9945326506076,"Taiwan, Province of China"
"483","52511910B69050472249631",1,15326.1913057373,"Western Pacific",15326.1913057373,10.426660935704,"Taiwan, Province of China"
"484","52511910B69477070610060",1,3943.39512464976,"Western Pacific",3943.39512464976,36.6881495563792,"Taiwan, Province of China"
"485","52511910B70290379794397",1,71411.5238906636,"Western Pacific",71411.5238906636,28.8790446923516,"Taiwan, Province of China"
"486","52511910B70456030054544",1,1261.96287495956,"Western Pacific",1261.96287495956,37.6153105444475,"Taiwan, Province of China"
"487","52511910B70473175587181",1,3770.27711413262,"Western Pacific",3770.27711413262,51.274186279304,"Taiwan, Province of China"
"488","52511910B70638918104863",1,33773.4500583602,"Western Pacific",33773.4500583602,14.5324454875288,"Taiwan, Province of China"
"489","52511910B71690687423925",1,14075.8403421823,"Western Pacific",14075.8403421823,15.1079975367249,"Taiwan, Province of China"
"490","52511910B72557613719767",1,305884.739390254,"Western Pacific",305884.739390254,25.9590193863198,"Taiwan, Province of China"
"491","52511910B75183314272458",1,47468.5283523152,"Western Pacific",47468.5283523152,22.9887283654083,"Taiwan, Province of China"
"492","52511910B75402986028359",1,90699.4628734703,"Western Pacific",90699.4628734703,23.7085907708586,"Taiwan, Province of China"
"493","52511910B76288634877329",1,45625.9650161518,"Western Pacific",45625.9650161518,15.7411791090254,"Taiwan, Province of China"
"494","52511910B76643025216805",1,213406.932299927,"Western Pacific",213406.932299927,9.58011409435675,"Taiwan, Province of China"
"495","52511910B76864499188928",1,3865.22142989339,"Western Pacific",3865.22142989339,40.0635904358884,"Taiwan, Province of China"
"496","52511910B77222989775801",1,6224.98605216578,"Western Pacific",6224.98605216578,39.5005734928623,"Taiwan, Province of China"
"497","52511910B77517078586613",1,101825.617205633,"Western Pacific",101825.617205633,10.2478715720368,"Taiwan, Province of China"
"498","52511910B7774942695724",1,20526.3708488926,"Western Pacific",20526.3708488926,10.86542469802,"Taiwan, Province of China"
"499","52511910B78382154896940",1,1430.73475552,"Western Pacific",1430.73475552,38.1644242098056,"Taiwan, Province of China"
"500","52511910B7838707993704",1,21093.2534583395,"Western Pacific",21093.2534583395,22.553560892189,"Taiwan, Province of China"
"501","52511910B78624558885304",1,54399.3211455806,"Western Pacific",54399.3211455806,11.3879623973819,"Taiwan, Province of China"
"502","52511910B79023193352255",1,31022.1857239575,"Western Pacific",31022.1857239575,11.9702886788858,"Taiwan, Province of China"
"503","52511910B79239618011253",1,231184.841534543,"Western Pacific",231184.841534543,24.966142380585,"Taiwan, Province of China"
"504","52511910B79351211043156",1,98184.9887801052,"Western Pacific",98184.9887801052,10.0906169183406,"Taiwan, Province of China"
"505","52511910B79904820365756",1,36054.3945075067,"Western Pacific",36054.3945075067,12.285505599365,"Taiwan, Province of China"
"506","52511910B80020209032330",1,44907.5444602539,"Western Pacific",44907.5444602539,9.70479046421089,"Taiwan, Province of China"
"507","52511910B80553421723016",1,96777.6599251458,"Western Pacific",96777.6599251458,8.73957586530853,"Taiwan, Province of China"
"508","52511910B81807770672257",1,507540.076303046,"Western Pacific",507540.076303046,28.3537798897246,"Taiwan, Province of China"
"509","52511910B81868017791126",1,11919.3538712307,"Western Pacific",11919.3538712307,36.0334338534702,"Taiwan, Province of China"
"510","52511910B82181877276071",1,18256.2548838037,"Western Pacific",18256.2548838037,28.8919156827276,"Taiwan, Province of China"
"511","52511910B82353065981408",1,8232.94280903596,"Western Pacific",8232.94280903596,27.7780724327113,"Taiwan, Province of China"
"512","52511910B82760897224923",1,31895.412371104,"Western Pacific",31895.412371104,16.898513808661,"Taiwan, Province of China"
"513","52511910B83254623159264",1,89542.7965480309,"Western Pacific",89542.7965480309,15.2185043053074,"Taiwan, Province of China"
"514","52511910B83755823779571",1,26240.9883113522,"Western Pacific",26240.9883113522,19.7199657949901,"Taiwan, Province of China"
"515","52511910B84130893113897",1,184471.32928362,"Western Pacific",184471.32928362,15.8420708487662,"Taiwan, Province of China"
"516","52511910B84254778922177",1,2783.50119171879,"Western Pacific",2783.50119171879,39.3432366085743,"Taiwan, Province of China"
"517","52511910B8433520860340",1,15633.085298485,"Western Pacific",15633.085298485,16.1250889085983,"Taiwan, Province of China"
"518","52511910B8555120582575",1,73417.9977459914,"Western Pacific",73417.9977459914,13.9678219328775,"Taiwan, Province of China"
"519","52511910B85672644454395",1,214654.806746472,"Western Pacific",214654.806746472,25.9924057218918,"Taiwan, Province of China"
"520","52511910B8569683364670",1,150870.690564221,"Western Pacific",150870.690564221,23.0106393151568,"Taiwan, Province of China"
"521","52511910B85706759339541",1,35248.2399268081,"Western Pacific",35248.2399268081,23.9214048798805,"Taiwan, Province of China"
"522","52511910B86399036189677",1,18123.2062052742,"Western Pacific",18123.2062052742,17.2932715684589,"Taiwan, Province of China"
"523","52511910B8640641883305",1,11187.84004748,"Western Pacific",11187.84004748,23.0358808011839,"Taiwan, Province of China"
"524","52511910B86463604693023",1,22197.8332467306,"Western Pacific",22197.8332467306,18.9735944187414,"Taiwan, Province of China"
"525","52511910B86675185737242",1,160288.036380688,"Western Pacific",160288.036380688,24.3628404904363,"Taiwan, Province of China"
"526","52511910B86901151057582",1,32794.6035457519,"Western Pacific",32794.6035457519,11.847522138006,"Taiwan, Province of China"
"527","52511910B88737921309662",1,294004.316127419,"Western Pacific",294004.316127419,15.6161920162163,"Taiwan, Province of China"
"528","52511910B89393531563013",1,126186.549136956,"Western Pacific",126186.549136956,9.47348614645234,"Taiwan, Province of China"
"529","52511910B89557374460695",1,2364.63161025947,"Western Pacific",2364.63161025947,40.862817733896,"Taiwan, Province of China"
"530","52511910B9027234137610",1,18140.9743633157,"Western Pacific",18140.9743633157,19.8530984154983,"Taiwan, Province of China"
"531","52511910B90712224530022",1,70637.5803734396,"Western Pacific",70637.5803734396,11.9967383439528,"Taiwan, Province of China"
"532","52511910B90991611037176",1,3456.70001877539,"Western Pacific",3456.70001877539,47.7372667754539,"Taiwan, Province of China"
"533","52511910B91175598455743",1,14446.5885846932,"Western Pacific",14446.5885846932,20.5219374071631,"Taiwan, Province of China"
"534","52511910B92065650444302",1,76862.3433475686,"Western Pacific",76862.3433475686,22.0821489988528,"Taiwan, Province of China"
"535","52511910B92188863099631",1,72867.8021710803,"Western Pacific",72867.8021710803,8.36989116940791,"Taiwan, Province of China"
"536","52511910B92709587856848",1,41012.2011324416,"Western Pacific",41012.2011324416,9.27989202401389,"Taiwan, Province of China"
"537","52511910B92990516943265",1,71345.8072953808,"Western Pacific",71345.8072953808,9.80322187647719,"Taiwan, Province of China"
"538","52511910B93540688501820",1,37043.9023658611,"Western Pacific",37043.9023658611,13.5292467476376,"Taiwan, Province of China"
"539","52511910B93844416805291",1,31988.9870436178,"Western Pacific",31988.9870436178,9.88617830006344,"Taiwan, Province of China"
"540","52511910B94458762678017",1,39564.1019534035,"Western Pacific",39564.1019534035,17.55378073639,"Taiwan, Province of China"
"541","52511910B94627775761425",1,29633.3800206919,"Western Pacific",29633.3800206919,11.0172822535185,"Taiwan, Province of China"
"542","52511910B94675128167590",1,235388.64419085,"Western Pacific",235388.64419085,26.1395853481983,"Taiwan, Province of China"
"543","52511910B95098417504855",1,23948.9893650834,"Western Pacific",23948.9893650834,11.7323526272955,"Taiwan, Province of China"
"544","52511910B95362195406961",1,138842.037791458,"Western Pacific",138842.037791458,10.9477112800532,"Taiwan, Province of China"
"545","52511910B954183777842",1,163747.480338147,"Western Pacific",163747.480338147,13.8843506320327,"Taiwan, Province of China"
"546","52511910B95850947838113",1,34358.7524836326,"Western Pacific",34358.7524836326,13.9278941330371,"Taiwan, Province of China"
"547","52511910B95876228816034",1,16384.4542424631,"Western Pacific",16384.4542424631,16.9706566074908,"Taiwan, Province of China"
"548","52511910B95956240331763",1,83213.0035028484,"Western Pacific",83213.0035028484,9.15245564741995,"Taiwan, Province of China"
"549","52511910B96194264601254",1,362069.62309035,"Western Pacific",362069.62309035,24.0245887935199,"Taiwan, Province of China"
"550","52511910B96314718972571",1,9701.7681390869,"Western Pacific",9701.7681390869,20.5037043132285,"Taiwan, Province of China"
"551","52511910B9639721186799",1,17590.7901962564,"Western Pacific",17590.7901962564,12.2301524499653,"Taiwan, Province of China"
"552","52511910B97040583536387",1,272013.807523743,"Western Pacific",272013.807523743,23.2445982759915,"Taiwan, Province of China"
"553","52511910B97060806511909",1,14919.3805375424,"Western Pacific",14919.3805375424,19.3671637324712,"Taiwan, Province of China"
"554","52511910B97228601381981",1,92908.4747052515,"Western Pacific",92908.4747052515,21.23768849969,"Taiwan, Province of China"
"555","52511910B97596648855860",1,11887.0232305803,"Western Pacific",11887.0232305803,20.713419150298,"Taiwan, Province of China"
"556","52511910B98030585757527",1,215518.012961043,"Western Pacific",215518.012961043,25.5988358193341,"Taiwan, Province of China"
"557","52511910B98629971413037",1,179346.387799067,"Western Pacific",179346.387799067,22.233083893873,"Taiwan, Province of China"
"558","52511910B98838605252897",1,165158.002789676,"Western Pacific",165158.002789676,23.138861167698,"Taiwan, Province of China"
"559","52511910B98966812491458",2,10240.5631726233,"Western Pacific",20481.1263452466,18.6489286728559,"Taiwan, Province of China"
"560","52511910B99182661436347",1,10345.0737151409,"Western Pacific",10345.0737151409,19.0033051498884,"Taiwan, Province of China"
"561","52511910B99479800826846",1,18922.3513945305,"Western Pacific",18922.3513945305,21.0888817964081,"Taiwan, Province of China"
"562","65221844B83452679821580",1,253.460002660751,"Africa",253.460002660751,0,"Mauritius"
"563","75667366B12605402479047",1,27380.9265468351,"Americas",27380.9265468351,40.3014405450028,"Cuba"
"564","75667366B19980502726207",1,47498.5300543645,"Americas",47498.5300543645,24.7346212989509,"Cuba"
"565","75667366B27255150678965",1,53967.7623597435,"Americas",53967.7623597435,34.2030811375674,"Cuba"
"566","75667366B31265103522165",1,70565.8312536319,"Americas",70565.8312536319,11.3612682404023,"Cuba"
"567","75667366B37088337934130",1,433630.900067952,"Americas",433630.900067952,28.7768087514992,"Cuba"
"568","75667366B40759243895064",1,106563.201359245,"Americas",106563.201359245,14.5950599902757,"Cuba"
"569","75667366B41426179995922",1,23874.6551469408,"Americas",23874.6551469408,36.3304237020871,"Cuba"
"570","75667366B41693677561366",1,20617.2258349423,"Americas",20617.2258349423,37.7686031682135,"Cuba"
"571","75667366B44494476895893",1,74821.0290000252,"Americas",74821.0290000252,14.0027692548557,"Cuba"
"572","75667366B45015819829333",1,76953.9139941559,"Americas",76953.9139941559,37.2195776731346,"Cuba"
"573","75667366B46145165221806",1,102661.261117088,"Americas",102661.261117088,30.2612959211515,"Cuba"
"574","75667366B49025507333210",1,31243.7166674586,"Americas",31243.7166674586,32.3970051550394,"Cuba"
"575","75667366B497077547550",1,155312.205431479,"Americas",155312.205431479,29.9828532422327,"Cuba"
"576","75667366B53824695685103",1,95667.9266514715,"Americas",95667.9266514715,31.4662858408162,"Cuba"
"577","75667366B55450845848024",1,40042.4817887017,"Americas",40042.4817887017,31.6667845222918,"Cuba"
"578","75667366B60114686204489",1,19011.9618485371,"Americas",19011.9618485371,36.5604765554801,"Cuba"
"579","75667366B70751681444112",1,132724.196657218,"Americas",132724.196657218,38.3499504877789,"Cuba"
"580","75667366B7302956753404",1,291187.500757489,"Americas",291187.500757489,23.8519831158063,"Cuba"
"581","75667366B73876769816488",1,39448.7045986652,"Americas",39448.7045986652,39.804355683314,"Cuba"
"582","75667366B80263662304106",1,39790.2602503536,"Americas",39790.2602503536,23.3293168666405,"Cuba"
"583","75667366B80682104725187",1,46802.3827680206,"Americas",46802.3827680206,6.28226974110755,"Cuba"
"584","75667366B82556438360114",1,42876.7035411452,"Americas",42876.7035411452,24.2303063565957,"Cuba"
"585","75667366B82870270071557",1,43172.4136377139,"Americas",43172.4136377139,40.025866348044,"Cuba"
"586","75667366B8388196899019",1,28888.1565283866,"Americas",28888.1565283866,42.5848909001403,"Cuba"
"587","75667366B86860977517537",1,65189.8636041159,"Americas",65189.8636041159,7.90754665065555,"Cuba"
"588","75667366B89140663288606",1,130360.2178485,"Americas",130360.2178485,20.2059715993292,"Cuba"
"589","75667366B91463258125198",1,29031.898267505,"Americas",29031.898267505,31.1997643513418,"Cuba"
"590","75667366B93303026760321",1,49320.3622797749,"Americas",49320.3622797749,6.19032795397638,"Cuba"
"591","75667366B96454310315942",1,188803.494592482,"Americas",188803.494592482,31.8625686705181,"Cuba"
"592","75667366B9750656068001",1,32599.0761561878,"Americas",32599.0761561878,36.8038202884752,"Cuba"
"593","75667366B98184381496608",1,86140.3364729134,"Americas",86140.3364729134,25.9479704451821,"Cuba"
"594","81297802B10167820950608",1,68010.791852919,"Western Pacific",68010.791852919,51.9615656199144,"Viet Nam"
"595","81297802B14141540631295",1,127631.40498407,"Western Pacific",127631.40498407,31.4542843196652,"Viet Nam"
"596","81297802B1435628045096",1,45529.6232835037,"Western Pacific",45529.6232835037,41.1983821106718,"Viet Nam"
"597","81297802B17638458778811",1,105118.859686314,"Western Pacific",105118.859686314,13.3084260094293,"Viet Nam"
"598","81297802B18343005733844",1,143773.502613987,"Western Pacific",143773.502613987,12.2357757900323,"Viet Nam"
"599","81297802B18420716282175",1,19215.4620076073,"Western Pacific",19215.4620076073,58.5598774006894,"Viet Nam"
"600","81297802B19362557849536",1,121329.806756943,"Western Pacific",121329.806756943,12.2865991075498,"Viet Nam"
"601","81297802B21956500009646",1,127911.710545211,"Western Pacific",127911.710545211,8.57773031437465,"Viet Nam"
"602","81297802B22502411355715",1,94234.0822774611,"Western Pacific",94234.0822774611,37.9508695092039,"Viet Nam"
"603","81297802B23156291808671",1,38945.2250731262,"Western Pacific",38945.2250731262,19.4497788282833,"Viet Nam"
"604","81297802B23821385944469",1,210059.037961776,"Western Pacific",210059.037961776,10.9041950127324,"Viet Nam"
"605","81297802B23878626253121",1,199040.017014748,"Western Pacific",199040.017014748,48.8025685225612,"Viet Nam"
"606","81297802B24165490506756",1,86638.3955469729,"Western Pacific",86638.3955469729,49.362728709718,"Viet Nam"
"607","81297802B25831565259333",1,218032.474726157,"Western Pacific",218032.474726157,35.4879556751128,"Viet Nam"
"608","81297802B26729031323268",1,94341.0544031451,"Western Pacific",94341.0544031451,38.3237935000078,"Viet Nam"
"609","81297802B28152038240632",1,167287.98178555,"Western Pacific",167287.98178555,28.9674858381497,"Viet Nam"
"610","81297802B29202402001629",1,138209.000587932,"Western Pacific",138209.000587932,40.5454313681535,"Viet Nam"
"611","81297802B29420287983322",1,134865.140728881,"Western Pacific",134865.140728881,30.3884720584137,"Viet Nam"
"612","81297802B29506934186430",1,104449.184334069,"Western Pacific",104449.184334069,28.2094006103791,"Viet Nam"
"613","81297802B29926011513196",1,110873.21228766,"Western Pacific",110873.21228766,21.2622612306562,"Viet Nam"
"614","81297802B30186135932553",1,157384.281576324,"Western Pacific",157384.281576324,31.178470633029,"Viet Nam"
"615","81297802B31270346353021",1,169222.964645074,"Western Pacific",169222.964645074,18.0117021391809,"Viet Nam"
"616","81297802B31840185218616",1,123874.635763536,"Western Pacific",123874.635763536,36.5632069998083,"Viet Nam"
"617","81297802B3249391660958",1,158425.142460892,"Western Pacific",158425.142460892,22.6389781606415,"Viet Nam"
"618","81297802B33082020704537",1,105540.60704299,"Western Pacific",105540.60704299,16.4979929900883,"Viet Nam"
"619","81297802B33733008951227",1,241171.90372978,"Western Pacific",241171.90372978,21.2491805320592,"Viet Nam"
"620","81297802B35079403712963",1,111104.658523779,"Western Pacific",111104.658523779,55.8413384947388,"Viet Nam"
"621","81297802B3696641207460",1,129742.773508805,"Western Pacific",129742.773508805,29.7941865201108,"Viet Nam"
"622","81297802B37279419107484",1,121822.354166844,"Western Pacific",121822.354166844,19.1317453634662,"Viet Nam"
"623","81297802B38321972927223",1,200156.035939607,"Western Pacific",200156.035939607,53.1994559635563,"Viet Nam"
"624","81297802B38356347526872",1,139579.422777658,"Western Pacific",139579.422777658,19.1598715750306,"Viet Nam"
"625","81297802B38910067880652",1,160874.140886074,"Western Pacific",160874.140886074,39.2865238357806,"Viet Nam"
"626","81297802B3906213091507",1,225427.239001389,"Western Pacific",225427.239001389,13.0836820588437,"Viet Nam"
"627","81297802B40785510400399",1,81231.1956164485,"Western Pacific",81231.1956164485,41.165061030054,"Viet Nam"
"628","81297802B41330613652559",1,190693.58424468,"Western Pacific",190693.58424468,26.0438778499937,"Viet Nam"
"629","81297802B41688796411548",1,116119.680956915,"Western Pacific",116119.680956915,21.732967983124,"Viet Nam"
"630","81297802B42641748496229",1,107640.798129191,"Western Pacific",107640.798129191,25.0966207456471,"Viet Nam"
"631","81297802B42689754920120",1,105137.142622883,"Western Pacific",105137.142622883,37.7065006230941,"Viet Nam"
"632","81297802B42785936874032",1,267665.571656554,"Western Pacific",267665.571656554,40.2626179947264,"Viet Nam"
"633","81297802B46977673973725",1,336768.340733301,"Western Pacific",336768.340733301,12.633587567055,"Viet Nam"
"634","81297802B47675849617506",1,119451.600851874,"Western Pacific",119451.600851874,42.9342910196385,"Viet Nam"
"635","81297802B48396752750587",1,191114.762438063,"Western Pacific",191114.762438063,14.3246388450212,"Viet Nam"
"636","81297802B48433290328639",1,260502.990984955,"Western Pacific",260502.990984955,24.3525735114392,"Viet Nam"
"637","81297802B53771614429572",1,98594.4959477618,"Western Pacific",98594.4959477618,34.9402898959864,"Viet Nam"
"638","81297802B55266176914642",1,191709.466132335,"Western Pacific",191709.466132335,39.9113542683382,"Viet Nam"
"639","81297802B55955468315553",1,96238.8805615956,"Western Pacific",96238.8805615956,15.3045759461316,"Viet Nam"
"640","81297802B5641238333098",1,184775.467972194,"Western Pacific",184775.467972194,14.8004437737211,"Viet Nam"
"641","81297802B56696175700764",1,113726.859490242,"Western Pacific",113726.859490242,33.0808164787051,"Viet Nam"
"642","81297802B5756602808944",1,10371.4271867802,"Western Pacific",10371.4271867802,39.9602694444907,"Viet Nam"
"643","81297802B58266448529829",1,384205.421778662,"Western Pacific",384205.421778662,13.6905558544681,"Viet Nam"
"644","81297802B59998896925567",1,194267.617879913,"Western Pacific",194267.617879913,30.0755600389349,"Viet Nam"
"645","81297802B60728672974675",1,249696.628651968,"Western Pacific",249696.628651968,14.5105011782503,"Viet Nam"
"646","81297802B61782089337393",1,209381.08533807,"Western Pacific",209381.08533807,46.630668917847,"Viet Nam"
"647","81297802B62167717430855",1,57114.87995844,"Western Pacific",57114.87995844,13.5741486385453,"Viet Nam"
"648","81297802B62704406726497",1,154317.968059554,"Western Pacific",154317.968059554,53.175312515055,"Viet Nam"
"649","81297802B62924474209473",1,146105.380042273,"Western Pacific",146105.380042273,16.5331512729449,"Viet Nam"
"650","81297802B63234506717185",1,269889.470340678,"Western Pacific",269889.470340678,14.1905479711901,"Viet Nam"
"651","81297802B63499365755438",1,84310.1854686756,"Western Pacific",84310.1854686756,9.1305562297418,"Viet Nam"
"652","81297802B63935781650096",1,465285.839655336,"Western Pacific",465285.839655336,14.561821253298,"Viet Nam"
"653","81297802B64128830492510",1,154374.220064277,"Western Pacific",154374.220064277,20.9949645618919,"Viet Nam"
"654","81297802B64676269296055",1,253987.560403545,"Western Pacific",253987.560403545,42.4538579846144,"Viet Nam"
"655","81297802B65234108276491",1,181395.090504284,"Western Pacific",181395.090504284,31.2870055662709,"Viet Nam"
"656","81297802B65483274658502",1,147906.991606575,"Western Pacific",147906.991606575,38.8874203594297,"Viet Nam"
"657","81297802B65658789050233",1,139934.550385747,"Western Pacific",139934.550385747,28.1103423088682,"Viet Nam"
"658","81297802B66022953489908",1,248629.168096194,"Western Pacific",248629.168096194,12.2265558264764,"Viet Nam"
"659","81297802B67689154766571",1,127053.446279805,"Western Pacific",127053.446279805,40.5654765612327,"Viet Nam"
"660","81297802B68427461655945",1,261367.98996415,"Western Pacific",261367.98996415,13.5974749646794,"Viet Nam"
"661","81297802B69083052749589",1,174284.573137648,"Western Pacific",174284.573137648,26.3861569433052,"Viet Nam"
"662","81297802B69837826881440",1,205540.173773553,"Western Pacific",205540.173773553,30.1780213113472,"Viet Nam"
"663","81297802B70010606578992",1,156738.165437567,"Western Pacific",156738.165437567,38.8291101454614,"Viet Nam"
"664","81297802B70315889029707",1,324883.044306053,"Western Pacific",324883.044306053,11.679055720243,"Viet Nam"
"665","81297802B71504358310710",1,191892.201070972,"Western Pacific",191892.201070972,17.5508736168778,"Viet Nam"
"666","81297802B72352297629850",1,88566.7029350699,"Western Pacific",88566.7029350699,48.1151798352541,"Viet Nam"
"667","81297802B72919536287172",1,28346.556097572,"Western Pacific",28346.556097572,54.4789178840319,"Viet Nam"
"668","81297802B74371944720443",1,193308.14210473,"Western Pacific",193308.14210473,37.3303128683274,"Viet Nam"
"669","81297802B74485828948407",1,145505.429529154,"Western Pacific",145505.429529154,42.8892037569728,"Viet Nam"
"670","81297802B75512670100174",1,155315.0542709,"Western Pacific",155315.0542709,29.0181942995982,"Viet Nam"
"671","81297802B76384767601248",1,3655.07477037065,"Western Pacific",3655.07477037065,42.8939659783099,"Viet Nam"
"672","81297802B77309747732529",1,163913.623062383,"Western Pacific",163913.623062383,37.6384272072012,"Viet Nam"
"673","81297802B7752291855220",1,46465.5168903646,"Western Pacific",46465.5168903646,39.850793830657,"Viet Nam"
"674","81297802B77847273364040",1,157809.883920792,"Western Pacific",157809.883920792,22.569977039197,"Viet Nam"
"675","81297802B78295235973409",1,266970.563585384,"Western Pacific",266970.563585384,13.0883399817287,"Viet Nam"
"676","81297802B79469395018575",1,146391.619014473,"Western Pacific",146391.619014473,26.7908912447825,"Viet Nam"
"677","81297802B81208073820584",1,217460.424050681,"Western Pacific",217460.424050681,10.5460250843869,"Viet Nam"
"678","81297802B81471151736005",1,90213.7326025381,"Western Pacific",90213.7326025381,21.6596008400259,"Viet Nam"
"679","81297802B83094530275497",1,125414.786648336,"Western Pacific",125414.786648336,17.4169267989426,"Viet Nam"
"680","81297802B83594447255",1,116756.984886438,"Western Pacific",116756.984886438,21.8144784292578,"Viet Nam"
"681","81297802B85279913761146",1,134860.31400532,"Western Pacific",134860.31400532,12.4884654915469,"Viet Nam"
"682","81297802B85581314164043",1,135817.870718182,"Western Pacific",135817.870718182,28.4025009870033,"Viet Nam"
"683","81297802B85934029741785",1,33878.9753289261,"Western Pacific",33878.9753289261,36.5314198733588,"Viet Nam"
"684","81297802B85996690558528",1,147213.022806135,"Western Pacific",147213.022806135,15.8502408273648,"Viet Nam"
"685","81297802B86407395704878",1,319006.111468852,"Western Pacific",319006.111468852,25.6996443577205,"Viet Nam"
"686","81297802B86878375688696",1,256001.540748581,"Western Pacific",256001.540748581,41.7701067537222,"Viet Nam"
"687","81297802B88984924666070",1,90843.0327905696,"Western Pacific",90843.0327905696,22.9909798156567,"Viet Nam"
"688","81297802B90742047749751",1,477972.415351891,"Western Pacific",477972.415351891,12.9894869880321,"Viet Nam"
"689","81297802B91668671895601",1,215923.208407246,"Western Pacific",215923.208407246,19.5205501451454,"Viet Nam"
"690","81297802B92281690814663",1,276972.180123629,"Western Pacific",276972.180123629,11.753278248555,"Viet Nam"
"691","81297802B92770026846870",1,90115.9671464416,"Western Pacific",90115.9671464416,44.9441781843973,"Viet Nam"
"692","81297802B93284854578765",1,141950.11126889,"Western Pacific",141950.11126889,18.6323582079331,"Viet Nam"
"693","81297802B93646092032264",1,85962.4450590607,"Western Pacific",85962.4450590607,37.5895060501643,"Viet Nam"
"694","81297802B93912769577432",1,207179.995134919,"Western Pacific",207179.995134919,13.5380739972907,"Viet Nam"
"695","81297802B94506734482800",1,182625.78133895,"Western Pacific",182625.78133895,44.0760540906065,"Viet Nam"
"696","81297802B94958861355476",1,282047.064761998,"Western Pacific",282047.064761998,39.8715898858123,"Viet Nam"
"697","81297802B95308085705563",1,210117.217744521,"Western Pacific",210117.217744521,38.178592331518,"Viet Nam"
"698","81297802B95607767906649",1,53584.6194136299,"Western Pacific",53584.6194136299,16.8983047427104,"Viet Nam"
"699","81297802B95629282135268",1,249666.731292961,"Western Pacific",249666.731292961,13.1330162182348,"Viet Nam"
"700","81297802B98282177960136",1,162772.377480891,"Western Pacific",162772.377480891,29.082661532866,"Viet Nam"
"701","81297802B99190294686821",1,318622.428550514,"Western Pacific",318622.428550514,32.3323979911187,"Viet Nam"
"702","81297802B99638089462809",1,125971.702111893,"Western Pacific",125971.702111893,38.389664852516,"Viet Nam"
"703","85939544B26812417695120",1,271744.33584935,"Africa",271744.33584935,79.0079233193647,"Mozambique"
"704","85939544B43724113746926",1,111831.834485871,"Africa",111831.834485871,70.2900723548655,"Mozambique"
"705","85939544B58572468312701",1,251282.495172999,"Africa",251282.495172999,44.7492624043593,"Mozambique"
"706","85939544B73793826279493",1,56972.1051028165,"Africa",56972.1051028165,76.1708660799778,"Mozambique"
"707","93511190B21658762393869",1,7341.06791946791,"Americas",7341.06791946791,55.1801429020107,"Grenada"
"708","93511190B28979172348328",1,12288.6784720659,"Americas",12288.6784720659,50.6736916633337,"Grenada"
"709","93511190B48408833278115",1,30146.0991324354,"Americas",30146.0991324354,46.8972718237171,"Grenada"
"710","93511190B55681603978518",1,3779.51827306047,"Americas",3779.51827306047,52.9619918517473,"Grenada"
"711","93511190B76376744251170",1,4183.82039072675,"Americas",4183.82039072675,44.3767179492069,"Grenada"
"712","94954027B73683206567439",1,9330.10014499979,"Americas",9330.10014499979,32.9784988675628,"Saint Vincent and the Grenadines"
